-- CALORDERS DATABASE TEST DATA INSERTS
   
-- DEPARTMENT

INSERT INTO calordersdb.DEPARTMENT (DEP_NAME, DEP_ACT_REP, CREATE_USER_ID, CREATE_TS, UPDATE_USER_ID, UPDATE_TS) 
	VALUES ('OnCore', 'Lee Bennett', 'system', CURRENT_TIMESTAMP, 'system', CURRENT_TIMESTAMP);
	

-- USER

INSERT INTO calordersdb.PARTY (PTY_USER_ID, PTY_PASSWORD, PTY_FIRST_NM, PTY_MID_NM, PTY_LAST_NM, PTY_TITLE, PTY_HIRE_DT, PTY_ID, CREATE_USER_ID, CREATE_TS, UPDATE_USER_ID, UPDATE_TS) 
	VALUES ('rickybobby', 'Passw0rd*', 'Ricky', 'Joe', 'Bobby', 'USER', CURRENT_TIMESTAMP, '111223333', 'system', CURRENT_TIMESTAMP, 'system', CURRENT_TIMESTAMP);

INSERT INTO calordersdb.PARTY (PTY_USER_ID, PTY_PASSWORD, PTY_FIRST_NM, PTY_MID_NM, PTY_LAST_NM, PTY_TITLE, PTY_HIRE_DT, PTY_ID, CREATE_USER_ID, CREATE_TS, UPDATE_USER_ID, UPDATE_TS) 
	VALUES ('joeadmin', 'Passw0rd*', 'Joe', 'Joe', 'Admin', 'Administrator', CURRENT_TIMESTAMP, '111224444', 'system', CURRENT_TIMESTAMP, 'system', CURRENT_TIMESTAMP);



-- GROUPS

INSERT INTO calordersdb.GROUPS (DEP_UID_FK, GRP_TYPE_CD, CREATE_USER_ID, CREATE_TS, UPDATE_USER_ID, UPDATE_TS) 
	VALUES ((SELECT DEP_UID FROM calordersdb.DEPARTMENT WHERE DEP_NAME = 'OnCore'), 'EMP', 'system', CURRENT_TIMESTAMP, 'system', CURRENT_TIMESTAMP);
	
INSERT INTO calordersdb.GROUPS (DEP_UID_FK, GRP_TYPE_CD, CREATE_USER_ID, CREATE_TS, UPDATE_USER_ID, UPDATE_TS) 
	VALUES ((SELECT DEP_UID FROM calordersdb.DEPARTMENT WHERE DEP_NAME = 'OnCore'), 'AAD', 'system', CURRENT_TIMESTAMP, 'system', CURRENT_TIMESTAMP);
	
	
-- CONTACT

INSERT INTO calordersdb.CONTACT_INFO (PTY_UID_FK, EMC_TYPE_CD, EMC_VALUE, CREATE_USER_ID, CREATE_TS, UPDATE_USER_ID, UPDATE_TS) 
	VALUES ((SELECT PTY_UID FROM calordersdb.PARTY WHERE PTY_FIRST_NM = 'Ricky'), 'MPH', '8879998888', 'system', CURRENT_TIMESTAMP, 'system', CURRENT_TIMESTAMP);

INSERT INTO calordersdb.CONTACT_INFO (PTY_UID_FK, EMC_TYPE_CD, EMC_VALUE, CREATE_USER_ID, CREATE_TS, UPDATE_USER_ID, UPDATE_TS) 
	VALUES ((SELECT PTY_UID FROM calordersdb.PARTY WHERE PTY_FIRST_NM = 'Ricky'), 'WEM', 'testingrbobby@testing.com', 'system', CURRENT_TIMESTAMP, 'system', CURRENT_TIMESTAMP);
	
INSERT INTO calordersdb.CONTACT_INFO (PTY_UID_FK, EMC_TYPE_CD, EMC_VALUE, CREATE_USER_ID, CREATE_TS, UPDATE_USER_ID, UPDATE_TS) 
	VALUES ((SELECT PTY_UID FROM calordersdb.PARTY WHERE PTY_FIRST_NM = 'Joe'), 'MPH', '7648738483', 'system', CURRENT_TIMESTAMP, 'system', CURRENT_TIMESTAMP);

INSERT INTO calordersdb.CONTACT_INFO (PTY_UID_FK, EMC_TYPE_CD, EMC_VALUE, CREATE_USER_ID, CREATE_TS, UPDATE_USER_ID, UPDATE_TS) 
	VALUES ((SELECT PTY_UID FROM calordersdb.PARTY WHERE PTY_FIRST_NM = 'Joe'), 'WEM', 'testingjoeadmin@testing.com', 'system', CURRENT_TIMESTAMP, 'system', CURRENT_TIMESTAMP);
	
	
-- 	GROUP_USER_ASSOC

INSERT INTO calordersdb.GROUP_PARTY_ASSOC (GRP_UID_FK, PTY_UID_FK, CREATE_USER_ID, CREATE_TS, UPDATE_USER_ID, UPDATE_TS) 
	VALUES ((SELECT GRP_UID FROM calordersdb.GROUPS WHERE GRP_TYPE_CD = 'EMP'), (SELECT PTY_UID FROM calordersdb.PARTY WHERE PTY_FIRST_NM = 'Ricky'), 'system', CURRENT_TIMESTAMP, 'system', CURRENT_TIMESTAMP);
	
	
INSERT INTO calordersdb.GROUP_PARTY_ASSOC (GRP_UID_FK, PTY_UID_FK, CREATE_USER_ID, CREATE_TS, UPDATE_USER_ID, UPDATE_TS) 
	VALUES ((SELECT GRP_UID FROM calordersdb.GROUPS WHERE GRP_TYPE_CD = 'AAD'), (SELECT PTY_UID FROM calordersdb.PARTY WHERE PTY_FIRST_NM = 'Joe'), 'system', CURRENT_TIMESTAMP, 'system', CURRENT_TIMESTAMP);
	
  
-- ADDRESS

INSERT INTO calordersdb.ADDRESS (PTY_UID_FK, DEP_UID_FK, ADR_LINE1, ADR_LINE2, ADR_CITY, ADR_STATE_CD, ADR_COUNTRY_CD, ADR_ZIP5, ADR_ZIP4, ADR_FOREIGN_ZIP, ADR_RTN_IND, ADR_LOCATION_IND, CREATE_USER_ID, CREATE_TS, UPDATE_USER_ID, UPDATE_TS) 
	VALUES (NULL, (SELECT DEP_UID FROM calordersdb.DEPARTMENT WHERE DEP_NAME = 'OnCore'), '101 Test Way', NULL, 'Folsom', 'CA', 'USA', '95630', NULL, NULL, DEFAULT, DEFAULT, 'system', CURRENT_TIMESTAMP, 'system', CURRENT_TIMESTAMP);

INSERT INTO calordersdb.ADDRESS (PTY_UID_FK, DEP_UID_FK, ADR_LINE1, ADR_LINE2, ADR_CITY, ADR_STATE_CD, ADR_COUNTRY_CD, ADR_ZIP5, ADR_ZIP4, ADR_FOREIGN_ZIP, ADR_RTN_IND, ADR_LOCATION_IND, CREATE_USER_ID, CREATE_TS, UPDATE_USER_ID, UPDATE_TS) 
	VALUES ((SELECT PTY_UID FROM calordersdb.PARTY WHERE PTY_FIRST_NM = 'Ricky'), NULL, '11 St', NULL, 'Folsom', 'CA', 'USA', '95630', NULL, NULL, DEFAULT, DEFAULT, 'system', CURRENT_TIMESTAMP, 'system', CURRENT_TIMESTAMP);
	
	
INSERT INTO calordersdb.ADDRESS (PTY_UID_FK, DEP_UID_FK, ADR_LINE1, ADR_LINE2, ADR_CITY, ADR_STATE_CD, ADR_COUNTRY_CD, ADR_ZIP5, ADR_ZIP4, ADR_FOREIGN_ZIP, ADR_RTN_IND, ADR_LOCATION_IND, CREATE_USER_ID, CREATE_TS, UPDATE_USER_ID, UPDATE_TS) 
	VALUES ((SELECT PTY_UID FROM calordersdb.PARTY WHERE PTY_FIRST_NM = 'Joe'), NULL, '100 Bidwell', NULL, 'Folsom', 'CA', 'USA', '95630', NULL, NULL, DEFAULT, DEFAULT, 'system', CURRENT_TIMESTAMP, 'system', CURRENT_TIMESTAMP);






-- INSERT INTO PRIVILEGE

INSERT INTO `calordersdb`.`PRIVILEGE`
( 
`GRP_UID_FK`,
`PRV_PAGE_ID`,
`PRV_COMPONENT_ID`,
`PRV_READ_IND`,
`PRV_WRITE_IND`,
`PRV_ORDER`,
`PRV_MISC`,
`CREATE_USER_ID`,
`CREATE_TS`,
`UPDATE_USER_ID`,
`UPDATE_TS`)
VALUES
( 
(SELECT GRP_UID FROM calordersdb.GROUPS WHERE GRP_TYPE_CD = 'EMP'),
'productSearch',
'NAVBAR',
1,
1,
1,
'Products',
'system',
CURRENT_TIMESTAMP,
'system',
CURRENT_TIMESTAMP);


INSERT INTO `calordersdb`.`PRIVILEGE`
( 
`GRP_UID_FK`,
`PRV_PAGE_ID`,
`PRV_COMPONENT_ID`,
`PRV_READ_IND`,
`PRV_WRITE_IND`,
`PRV_ORDER`,
`PRV_MISC`,
`CREATE_USER_ID`,
`CREATE_TS`,
`UPDATE_USER_ID`,
`UPDATE_TS`)
VALUES
( 
(SELECT GRP_UID FROM calordersdb.GROUPS WHERE GRP_TYPE_CD = 'EMP'),
'cart',
'NAVBAR',
1,
1,
2,
'Cart',
'system',
CURRENT_TIMESTAMP,
'system',
CURRENT_TIMESTAMP);

INSERT INTO `calordersdb`.`PRIVILEGE`
( 
`GRP_UID_FK`,
`PRV_PAGE_ID`,
`PRV_COMPONENT_ID`,
`PRV_READ_IND`,
`PRV_WRITE_IND`,
`PRV_ORDER`,
`PRV_MISC`,
`CREATE_USER_ID`,
`CREATE_TS`,
`UPDATE_USER_ID`,
`UPDATE_TS`)
VALUES
( 
(SELECT GRP_UID FROM calordersdb.GROUPS WHERE GRP_TYPE_CD = 'EMP'),
'orderHistory',
'NAVBAR',
1,
1,
3,
'Orders',
'system',
CURRENT_TIMESTAMP,
'system',
CURRENT_TIMESTAMP);


INSERT INTO `calordersdb`.`PRIVILEGE`
( 
`GRP_UID_FK`,
`PRV_PAGE_ID`,
`PRV_COMPONENT_ID`,
`PRV_READ_IND`,
`PRV_WRITE_IND`,
`PRV_ORDER`,
`PRV_MISC`,
`CREATE_USER_ID`,
`CREATE_TS`,
`UPDATE_USER_ID`,
`UPDATE_TS`)
VALUES
( 
(SELECT GRP_UID FROM calordersdb.GROUPS WHERE GRP_TYPE_CD = 'AAD'),
'dashboard',
'NAVBAR',
1,
1,
1,
'Dashboard',
'system',
CURRENT_TIMESTAMP,
'system',
CURRENT_TIMESTAMP);


 
INSERT INTO `calordersdb`.`PRIVILEGE`
( 
`GRP_UID_FK`,
`PRV_PAGE_ID`,
`PRV_COMPONENT_ID`,
`PRV_READ_IND`,
`PRV_WRITE_IND`,
`PRV_ORDER`,
`PRV_MISC`,
`CREATE_USER_ID`,
`CREATE_TS`,
`UPDATE_USER_ID`,
`UPDATE_TS`)
VALUES
( 
(SELECT GRP_UID FROM calordersdb.GROUPS WHERE GRP_TYPE_CD = 'AAD'),
'productSearch',
'NAVBAR',
1,
1,
2,
'Products',
'system',
CURRENT_TIMESTAMP,
'system',
CURRENT_TIMESTAMP);




INSERT INTO `calordersdb`.`PRIVILEGE`
( 
`GRP_UID_FK`,
`PRV_PAGE_ID`,
`PRV_COMPONENT_ID`,
`PRV_READ_IND`,
`PRV_WRITE_IND`,
`PRV_ORDER`,
`PRV_MISC`,
`CREATE_USER_ID`,
`CREATE_TS`,
`UPDATE_USER_ID`,
`UPDATE_TS`)
VALUES
( 
(SELECT GRP_UID FROM calordersdb.GROUPS WHERE GRP_TYPE_CD = 'AAD'),
'orderHistory',
'NAVBAR',
1,
1,
3,
'Orders',
'system',
CURRENT_TIMESTAMP,
'system',
CURRENT_TIMESTAMP);


INSERT INTO `calordersdb`.`PRIVILEGE`
( 
`GRP_UID_FK`,
`PRV_PAGE_ID`,
`PRV_COMPONENT_ID`,
`PRV_READ_IND`,
`PRV_WRITE_IND`,
`PRV_ORDER`,
`PRV_MISC`,
`CREATE_USER_ID`,
`CREATE_TS`,
`UPDATE_USER_ID`,
`UPDATE_TS`)
VALUES
( 
(SELECT GRP_UID FROM calordersdb.GROUPS WHERE GRP_TYPE_CD = 'AAD'),
'services',
'NAVMENU',
1,
1,
1,
'Add Service',
'system',
CURRENT_TIMESTAMP,
'system',
CURRENT_TIMESTAMP);

INSERT INTO `calordersdb`.`PRIVILEGE`
( 
`GRP_UID_FK`,
`PRV_PAGE_ID`,
`PRV_COMPONENT_ID`,
`PRV_READ_IND`,
`PRV_WRITE_IND`,
`PRV_ORDER`,
`PRV_MISC`,
`CREATE_USER_ID`,
`CREATE_TS`,
`UPDATE_USER_ID`,
`UPDATE_TS`)
VALUES
( 
(SELECT GRP_UID FROM calordersdb.GROUPS WHERE GRP_TYPE_CD = 'AAD'),
'productAdd',
'NAVMENU',
1,
2,
1,
'Add Product',
'system',
CURRENT_TIMESTAMP,
'system',
CURRENT_TIMESTAMP);





-- GROUP_PRIVILEGE_ASSOC
-- EMP GROUP 
INSERT INTO `calordersdb`.`GROUP_PRIVILEGE_ASSOC`(`GRP_UID_FK`,`PRV_UID_FK`,`CREATE_USER_ID`,`CREATE_TS`,`UPDATE_USER_ID`,`UPDATE_TS`)
	VALUES ((SELECT GRP_UID FROM calordersdb.GROUPS WHERE GRP_TYPE_CD = 'EMP'),(SELECT PRV_UID FROM calordersdb.PRIVILEGE where PRV_PAGE_ID = 'productSearch' AND PRV_COMPONENT_ID = 'NAVBAR' AND GRP_UID_FK IN (SELECT GRP_UID FROM calordersdb.GROUPS WHERE GRP_TYPE_CD = 'EMP')), 'system', CURRENT_TIMESTAMP, 'system', CURRENT_TIMESTAMP);
INSERT INTO `calordersdb`.`GROUP_PRIVILEGE_ASSOC`(`GRP_UID_FK`,`PRV_UID_FK`,`CREATE_USER_ID`,`CREATE_TS`,`UPDATE_USER_ID`,`UPDATE_TS`)
	VALUES ((SELECT GRP_UID FROM calordersdb.GROUPS WHERE GRP_TYPE_CD = 'EMP'),(SELECT PRV_UID FROM calordersdb.PRIVILEGE where PRV_PAGE_ID = 'orderHistory' AND PRV_COMPONENT_ID = 'NAVBAR' AND GRP_UID_FK IN (SELECT GRP_UID FROM calordersdb.GROUPS WHERE GRP_TYPE_CD = 'EMP')), 'system', CURRENT_TIMESTAMP, 'system', CURRENT_TIMESTAMP);
INSERT INTO `calordersdb`.`GROUP_PRIVILEGE_ASSOC`(`GRP_UID_FK`,`PRV_UID_FK`,`CREATE_USER_ID`,`CREATE_TS`,`UPDATE_USER_ID`,`UPDATE_TS`)
	VALUES ((SELECT GRP_UID FROM calordersdb.GROUPS WHERE GRP_TYPE_CD = 'EMP'),(SELECT PRV_UID FROM calordersdb.PRIVILEGE where PRV_PAGE_ID = 'cart' AND PRV_COMPONENT_ID = 'NAVBAR' AND GRP_UID_FK IN (SELECT GRP_UID FROM calordersdb.GROUPS WHERE GRP_TYPE_CD = 'EMP')), 'system', CURRENT_TIMESTAMP, 'system', CURRENT_TIMESTAMP);
 
-- AAD GROUP
INSERT INTO `calordersdb`.`GROUP_PRIVILEGE_ASSOC`(`GRP_UID_FK`,`PRV_UID_FK`,`CREATE_USER_ID`,`CREATE_TS`,`UPDATE_USER_ID`,`UPDATE_TS`)
	VALUES ((SELECT GRP_UID FROM calordersdb.GROUPS WHERE GRP_TYPE_CD = 'AAD'),(SELECT PRV_UID FROM calordersdb.PRIVILEGE where PRV_PAGE_ID = 'dashboard' AND PRV_COMPONENT_ID = 'NAVBAR' AND GRP_UID_FK IN (SELECT GRP_UID FROM calordersdb.GROUPS WHERE GRP_TYPE_CD = 'AAD')), 'system', CURRENT_TIMESTAMP, 'system', CURRENT_TIMESTAMP);
INSERT INTO `calordersdb`.`GROUP_PRIVILEGE_ASSOC`(`GRP_UID_FK`,`PRV_UID_FK`,`CREATE_USER_ID`,`CREATE_TS`,`UPDATE_USER_ID`,`UPDATE_TS`)
	VALUES ((SELECT GRP_UID FROM calordersdb.GROUPS WHERE GRP_TYPE_CD = 'AAD'),(SELECT PRV_UID FROM calordersdb.PRIVILEGE where PRV_PAGE_ID = 'productSearch' AND PRV_COMPONENT_ID = 'NAVBAR' AND GRP_UID_FK IN (SELECT GRP_UID FROM calordersdb.GROUPS WHERE GRP_TYPE_CD = 'AAD')), 'system', CURRENT_TIMESTAMP, 'system', CURRENT_TIMESTAMP);
INSERT INTO `calordersdb`.`GROUP_PRIVILEGE_ASSOC`(`GRP_UID_FK`,`PRV_UID_FK`,`CREATE_USER_ID`,`CREATE_TS`,`UPDATE_USER_ID`,`UPDATE_TS`)
	VALUES ((SELECT GRP_UID FROM calordersdb.GROUPS WHERE GRP_TYPE_CD = 'AAD'),(SELECT PRV_UID FROM calordersdb.PRIVILEGE where PRV_PAGE_ID = 'orderHistory' AND PRV_COMPONENT_ID = 'NAVBAR' AND GRP_UID_FK IN (SELECT GRP_UID FROM calordersdb.GROUPS WHERE GRP_TYPE_CD = 'AAD')), 'system', CURRENT_TIMESTAMP, 'system', CURRENT_TIMESTAMP);
INSERT INTO `calordersdb`.`GROUP_PRIVILEGE_ASSOC`(`GRP_UID_FK`,`PRV_UID_FK`,`CREATE_USER_ID`,`CREATE_TS`,`UPDATE_USER_ID`,`UPDATE_TS`)
	VALUES ((SELECT GRP_UID FROM calordersdb.GROUPS WHERE GRP_TYPE_CD = 'AAD'),(SELECT PRV_UID FROM calordersdb.PRIVILEGE where PRV_PAGE_ID = 'services' AND PRV_COMPONENT_ID = 'NAVMENU' AND GRP_UID_FK IN (SELECT GRP_UID FROM calordersdb.GROUPS WHERE GRP_TYPE_CD = 'AAD')), 'system', CURRENT_TIMESTAMP, 'system', CURRENT_TIMESTAMP);
INSERT INTO `calordersdb`.`GROUP_PRIVILEGE_ASSOC`(`GRP_UID_FK`,`PRV_UID_FK`,`CREATE_USER_ID`,`CREATE_TS`,`UPDATE_USER_ID`,`UPDATE_TS`)
	VALUES ((SELECT GRP_UID FROM calordersdb.GROUPS WHERE GRP_TYPE_CD = 'AAD'),(SELECT PRV_UID FROM calordersdb.PRIVILEGE where PRV_PAGE_ID = 'productAdd' AND PRV_COMPONENT_ID = 'NAVMENU' AND GRP_UID_FK IN (SELECT GRP_UID FROM calordersdb.GROUPS WHERE GRP_TYPE_CD = 'AAD')), 'system', CURRENT_TIMESTAMP, 'system', CURRENT_TIMESTAMP);
   

-- VENDORS
INSERT INTO `calordersdb`.`VENDOR`(`VND_NAME`, `VND_DESC`, `VND_MANAGER`, `VND_ACTIVE_IND`,`CREATE_USER_ID`,`CREATE_TS`,`UPDATE_USER_ID`,`UPDATE_TS`)
	VALUES ('The Tech Group', 'The Tech Group provides our customers with leading edge hardware and software','Bobby James',1,'system', CURRENT_TIMESTAMP, 'system', CURRENT_TIMESTAMP);
INSERT INTO `calordersdb`.`VENDOR`(`VND_NAME`, `VND_DESC`, `VND_MANAGER`, `VND_ACTIVE_IND`,`CREATE_USER_ID`,`CREATE_TS`,`UPDATE_USER_ID`,`UPDATE_TS`)
	VALUES ('Hardware 4 U', 'Hardware 4 U gives you hardware for less','Joe Jasper',1,'system', CURRENT_TIMESTAMP, 'system', CURRENT_TIMESTAMP);
INSERT INTO `calordersdb`.`VENDOR`(`VND_NAME`, `VND_DESC`, `VND_MANAGER`, `VND_ACTIVE_IND`,`CREATE_USER_ID`,`CREATE_TS`,`UPDATE_USER_ID`,`UPDATE_TS`)
	VALUES ('IT Solutions', 'Our company provides a variety of hardware, software, and related services','Sally Lopez',1,'system', CURRENT_TIMESTAMP, 'system', CURRENT_TIMESTAMP);



-- Products
INSERT INTO `calordersdb`.`PRODUCT`(
  `VND_UID_FK`,
  `PRD_SKU`,`PRD_NAME`,`PRD_CATEGORY_CD`, 
  `PRD_SHORT_DESC`,   
  `PRD_LONG_DESC`,   
  `PRD_PRICE`, `PRD_ACTIVE_IND`,`PRD_CNTR_LN_ITM`,`PRD_OEM_PART_NUM`,   
  `PRD_OEM_NAME`,`PRD_CNTR_UNIT_PRICE`,`PRD_CNTR_DISCOUNT`,`PRD_UNIT_CD`, 
  `PRD_IMG_IMAGE`,
  `PRD_IMG_TYPE_CD`,  
  `CREATE_USER_ID`,`CREATE_TS`,`UPDATE_USER_ID`,`UPDATE_TS`) 
  VALUES (
  (SELECT VND_UID FROM calordersdb.VENDOR where VND_NAME='The Tech Group'),
  '210-AFXK','Standard-Dell Optiplex 3040 SFF','DESK',
  'Standard-Dell Optiplex 3040 SFF Core i5-6500, 3.20GHz, 4GB 1DIMM 1600MHz DDR3L',
  'Standard-Dell Optiplex 3040 SFF Core i5-6500, 3.20GHz, 4GB 1DIMM 1600MHz DDR3L, Windows 7 Pro (32/64 bit), integrated Intel HD Graphics, DVD+/- RW, 500GB SATA 7200rpm, USB Optical Wheel Mouse, USB Keyboard, 3-Year Next Business Day On-Site Warranty',
  1013.71,1,'100d','210-AFXK',
  'DELL',446.03,56,'EACH', 
x'FFD8FFE000104A46494600010100000100010000FFDB008400090607111212101010121510150F1515100F10121010100F100F1515161615151515181D2820181A251D151521312125292B2E2E2E17203338332D37282D3A2B010A0A0A0E0D0E160F0F17371F171D372B2B2D2B2D37372D2D2D2B2B2D2D2D2D352B2D2D2D2D2B2D2B2D2D2D372B2D2D2D2D2B2D2B2D2B2B2D2D2B2D2B2D2B2B2BFFC000110800B2011B03012200021101031101FFC4001C0000010403010000000000000000000000000206070803040501FFC40052100001030200060A0E08040307050000000100020304110506071221311314415153546192D1D21622355271727381919394B1B2C11523323462A1B3F042A2C2D32482A33343445563C3E32583A4B4E2FFC400190101010101010100000000000000000000000102050304FFC4002411010001030403010003010000000000000001021251031113713252613314319141FFDA000C03010002110311003F009C50842010842010842010842010B8F8DD84DD4D4934ACFB600646779EF21A0F9AF7F3284EAF09D5005E6B6A6E48B93553318339C0124301B017BE86F99058442AEB26189C071FA49E480481B7AB0E7585F4769BBA85F4DF79070AD5F1BAAF6A9BA5058A42AE470C5671CA9F699BA563386EB38E54FB4CDD6416450AB53B0FD6F1BA9F699BACB1BB18EB78DD47B4CDD6416650AB11C67AEE3751ED1375920E3557F1B9FDA26EB20B4085570E3657F1B9FD7CDD64938DF5FC6A7F5F375905A542AACEC71C21C6A6F5F3759627639610E373FAF9FAC82D72154D38E78438D4DED13F5D20E3A610E3537B45475D05B542A8FD99E10E3537B45475D1D99610E3537B45475D05B842A8A71C2BF8D4FED353D75E1C6EAFE353FB4D4F5D05BB42A8B1637D7B5CD76D999D9A41CD754D5169E42364D213AB06635D655C52873DD1907343A0352D76A0743B64362933111BC8B208553B0963057412960A9A919B62364A9A82EBEBBFDBB59584C9661F92BB07433CDA6405F148EEFCB1D6CEF38B2076A108402108402172B1AB08BA9E92A27658BA261736FAAFB9751350E3561AA9697C3346D6839B773436E6C09B683BE104DC850AC984B0FEB3590B7C03FF001AE7D561FC36DFB55ED1E2B19F36209E90AB7D4E3B6176EBAF779991755683F28F8507FC749CC8FAA82CFA15606E5330A71C71F0B1BD54EBC48C7CC2134F4FB2540958F94452445967669B0CED5A35E8F020933293F7093C78BE36A86AB5E6CDB122EEB68241B66B8EE7814C994BFB84BE3C5FA8D50B559D0DF1BFA5CBD34A37D4A7B879EAF855D31DCEFBB9EEE94A0C1CBCE774A484B6AEE71D1EB0E3725791B10FD9774A0C0DDEFCCA5DD0AF151EB0CF257ED246D5677BF995E9A38FBC1F9AC852827151EB07257ED2D61471F78165FA3E1E0DABD3AD676A7151EB093A95FB49030641C137D08382A0E09BE85B9084BCC538E8F58639753DA7FD7265C170704DF42C0EC190704DF42EC491AC0634E3A3D61B8D5AFDA5CD182E0E099CD5E3B04C1C1339A1748449661538F4FD61AE4AF32E23B0541C1339A179F45C1C1379ABB0605E888271D1EB0D72579971BE8A83826F357BF4543C1379ABBAD806F2518029669FAC2F2579703E8983826FA178704C1C1379ABBFB005E6C012CD3F58392BCA3DC3B03592E6B1A1A335A6C340B9BF42B05906EE4B3CB4DF1281B1B9B6A923F033E6A79C8377259E5A6F8971757CEADB32EBE97853D42444210BCDE81084206EE50BB9D59E4CA84A8227BA961CD12B809A52ED864644EFB2DB5CB8116BEE594D9944EE7567933F2517623C0C34D72D693B23F496827737506B3DAF14F9ACED65B0CD33BB39C06CD2921D2359A4E696EA1A884D8AF654E9CF9213C82490FBD81491591B40D0D68FF284D3C2C469D0819350F781A4B49B8B39A74817B93A7D0B55D23AFA6507CF26FF00285D1C24ED6B88F3A50658A5B67DEC73985A2ED0EB38906E34F6A746BE53BE9D99363FE2A01FF5A3F88266DD3BB26CF1B729C13A4CACB73904F594FEE7CDE3C5FAAD50A4E7EC78DFD2E5356547B9D378F0FEAB142323B4B3C6FE972F4D1FD29EE1E7ABE15752584A05257A177DC464BAF6EB1829575519129A9174A623330F1CB346E581E9711427FA6E44F5973CAD3639662E51E72CE643E158F661BCB1172C4F7A6CB12DA32B579B305A45EBCCF52D6F76C4B32C3B3958DCE58AEAECD437E2A85B4C782B92C72D88E459985746CBCB2D76CE52F6659D83131CFEF4EF119F353B641BB92CF2D37C4A07C7175EA5C7F033E6A78C8377259E5A6F897135BCEAEE5DBD2F0A7A8488842179BD0210840DCCA2773AB3C99F78515625E6ED6D2D713B23EF6CEB6B1CB652A6517B9B59E4CFBC28BB11E768A5B13A7647E8B13BDBC8372BF36DFECDDE7B7CCA6B6117334DE33C962D6DBDE9D184AA5BA75F35DD099F8565D7AFD05037ABDECEF0F3DBD55C971D3A340DC06C4FA6C16ED715A16407EF713A3272C3B7E94DB46CACB9DD1627A7F24D7B27664DE4B56D30B6B959A77076C4FC8FA104F5953EE6CFE343FACC50E6056B5D51087805A4BAE08CE1FECDF6D0A63CAA77367F1A1FD66285F04BBEBE2F0BBF4DEBD347F4A7B879EB7E75752789A2A7EF19EAC742368C1DE33D58E85AFB2A365E50BBB6B8574B636941DE33D5B7A17A28E0EF19EADBD0B5B66FDE946CFCBEF4B7E974B745241DE47EADBD0B2329A9FBC8FD537A173F66E5FC979B37EECA5BF4BA5D334F4FC1C7EA9BD0971C54DC1C7EA5BD0B926648151FBD0A59F56F977DACA6E0E3F52DE85903697838FD4B7A1371D583F65BD2815BCBF98E9538BE97CE0E66B697838BD4B7A12C1A3DD8A2F50D3FD29ADB77F10F48E949756F28F4ACF0FD58D598FF00878326C1E35C50FB337AA915B3E0F2DB32385A6E09FF000C012D1AC5F3346E7B9335D59CA91B6FC3E82A7F1E332DFF0022ADB6DA0F5A29F073581AF64448DD34C1CEB6E5DD99A4A4CB5183B7238BD9875532F6CF879AE41A8F0FA1DD09FC78CCAF3D5B6DB41D8E9E87BC8BD9C755276CD17791FB38EAA6999CFEEFD0BCD98ABC31939A70769ACA3EF23F671D548756527791FA81D54D4D9CAF36C270C64E59C19B9457B1D5D218C00DCC8EC037347D9D3A14DB907EE4B3CB4DF1A81B1BDD7A971FC0CF7153CE41FB931F969BE35C7D58DABABB97634BC29EA12221085E6D8421081B7946EE6D67933EF0A2DC492FDA82D9B6CF9358713AD4A3947EE6D67932A30C49FB98F1E4F7A0561473F4DCB79A7A534309484126E3D1D253AB0B3F5A666147EB41C4ADA826E0DB4EF3183E4B4565A976958507A9D59388EF5D4AEBEA959A37F491D29A89E1935FBE53F958FE3413B655BB9B3F8D0FEB46A12C1CEB4D1F85DBB6FE0729B32AFDCCA8F1A1FD78D4194F206C8C245C02747F95CBD747F4A7B879EAFE7575274ECBFBB9419BF775CB15CDDE3F920D5B4EE90BBAE26CE9197C3F9243A5E47799AC3F25CE325F548424DDDB92DBCEA9B378CFC8FF00551F42F04F6DC7FAA8FA16911270DF9A4DA5E17F3537366F1AAF1FD53579B6C7E2F5765A044DC27E692767E107A426E5AE89AB1CBE870F714935437FF507CD73EF36EC83F2492F97BE07D09B96BA06ABF17F3CA120D51EF87AD9173CC8FE43E84832BB787A026E6CE89A93DF37D73D24D49DF6FAE7742E7194F7A124CC3BC09BADAE96D8F13D6B7E611B3F233D647D55CB350DEF179B699C1A9BADAEA6CA3799CF8BAA8D907E1F3187A172B6D3383FCCAF36D47C1FE69BADAEB67FEFEA8FC91B2F2FF2C7D2B91B723E0FF328DBACE0CF38A9BC16CB918CCEBCE4FE16EE01BFBCA7EC83F7263F2D37C6ABD61A78749702DDA8D1E72AC2E41FB931F969BE35C3D6FD2AEE5D8D2F0A7A8486842179BD0210840DACA47736B3C9955F6830C4F133323CDCD049D2C613736BE921582CA47736B3C9955FE8302492B364688F34923B67906E2DB99A507B261CA83AF3399175563C5F7D4D75432958E8D8E933B35CF8D818034126E5A2FB8B24B801E359847FEEBBAAB1E0469A398543658F3997CD19CE2CD22C6E00D3A0F220EA1C4D99EC9A465453BC451BA71F57306CD1817CE89E5B9AEDCDDDD09953CAE02F61AEDA9BBC9DCEC6A0DD900310D918F889B5438B2379BB9B1E75C30136D43F85A3535A034EAD919D0C73469BE92F1FD283576CBB79BE809E193875EAA99C6C3EBE21A0002D9E3A5338C03BF6FA64EAA78E4DDB6AAA61707EBE23A09B7DB1BFE041396563B9951E341FAF1A81DB259CD3CA7E12A77CAD1FFD2EA3C683F5E35004CED5E1F915E9A3E74F70F3D5F0ABA6F3AA414832AD2D9420D42EE5CE45ADB2F2906EB576DA4EDD2A5D0B64B68B5C9043B7CAD7DBABCDBCA5D0D595619C8772AF3B6DF5836F2F36FACDD195B2AC339CEE55E5DCB5CE105E1C22A5D4E56CAB0D82F7A4195EB07D2237924E1052F8CB565586C6CCF5E6D872D635C926B539232BC7386E6DA72F76D9DE5A26AD79B653923271FC6FEDDE447D2037968ECE11B204BFE9C7186F7D23C8BDFA4BF08F42D0CE08D09749C74E18309CB9CFCEB5AED1A3CE5589C83F7263F2D37C6AB9558D23C1F32AC6E41FB931F969BE35C8D5F3A9D1A3C6121A1085868210840D9CA4F736B3C99512E2BBAD48DF1DFF001296F291DCDACF27F30A1FC5C75A91BE3BFE241AB85A73A75735BD099F841DAFF7BA9CB859FAD352B9DAFF007BA106895E210804EFC9AFDF29BCB45F184D04EFC9AFDF29FCB45F184139E577B9751E341FAF1AAF950740F0FC8AB0595FEE554F8F07FF0062355EE504E81BFBF65BD39DAB8966B8DE9963CE49297B03B939CD5E181DC9CE6AEA72D1ECF878EAC309492B3984F273C24985DF879C14E5A3D9AB2AC301492166319DF6F38241672B79C1667528CAD956188858C859CB79473824DB95BCE6F4AC4D7465AB6AC301092567206FB79CD49CD1BE3CCE6F4AC4D54E5ADAAC3090BC599CDB6F0F0B9BD2925BCA39CDE959DE9CAED386242CB99E0E737A51B09E4E737A54BA32BB4E1891759853BB78739BD2BDDA8FEF7F999D2A5D1936961BA33967143277BFCCCE95EED097BDFE6674A5F192D960CF4679594D04BDEFF333A52E3C153B85DB139C2F6BB6CE17D76D1BA9C9F4B7E3111700FEF595637213DC98FCB4FF001AAF8691EC01B234B1DAF35C2C6C752B0B90C16C14CF2D3FC6BE6ABFB97B47F490108428A1084206CE523B9B59E27CC286B00BAD4A3C67FBD4CD947EE6D6789F30A13C0EEFF0C3C67FBD07370ABF5A6CD51D7FBDD0BBD851FAD37673AFF7BA10604210804EFC9B7DEE9FCBC5F184D04EFC9B7DEE9FCBC5F18416331C302EDDA39E96F63234161DC12B1C1ECBF267345F914072E22E15692DDA32BAC6D76BA02D3CA0E7EA5655082B3F611857884DE983AE83891857FE5F37A60EBAB30841594E23616E2137A61EBA49C44C2DC426F4C3D75671082B01C41C2DC426F4C3D748393FC2DC426F4C3D75689082AD1C9E616E2337FA5D7582A710B09B0674948F8C6ACE7BA1636FBD72F56B17131BE28DD4F9B23831B9EDED8EABE941587B12ADE07FD6A6FEE2EB62CD057D14AF9994ED797C4E8483514EDB07169B821E74F6A345AC74A94C5051F0EDF3249C1D49C304114E30609ADAA91B21A66C599188835B514EE160E73AF72F16FB56B6E582E60C53ACE0BFD6A6FEE2998E0CA4E18241C1B483FDF04112D362461192FB1D33E4B6BCC742FB786CF5B4DC40C2BC4A6F433ACA78C458A16BA6113B3EED6DEDB9627A53C1055A6E22E15E2337A19D6591B893857884FE88FACAD0A1056CC1D88784A42E0EA77419A2E0CA1D677237630ED3E1B2E947939AED370CD5A34550D3EA558142080064EAB08D4DBEE1FF00139A0728D874EEEEEEAD7A9C9ED73585CD8F39CD04E6B766CE7FE16831800F85D6561D082B0F617851C6DB42A2E74691181E725DA14F793EC00EA1A1869E420BC67492D8DC07BDC5C403BB6B81E64E34201084201084206D651FB9B59E20F88283306BAD4E3C67FBD4E7947EE6D5F883E36A81E8CDA003F13BDE839384DFAD709E75FEF742EB6127EB5C83BBFBDD0810842CDB5FF1339EDF9A0C29DF936FBDD3F968BE309AC29FF1339E3427464F1C1B550389D0D9A3248B9166B81245B5A0B4C85C6ECA28F853EAA61FD294319A8F8768F0870F7841D742E4764F43BB5508F1A5637DE52D98C9427556539E41530DFE241D442D786BA27FD8958FF15ED77B8AD84099240D05CE360D0493BC0692571DF8CF4C375C79430FCD798DF2BDB4CECC63A4BB9A1ED65B3F32FA6C0EBDC4CC64F1102F0D50DF1B5A4EA2078765B4DBEEE68E95C6C6AC6264B0EC7038B5C4DC921A066D8E8D37DF5CAD922E06ABD9E4EAAC73089C2C61AAF677F550369D149C2FC3D090764E14FF002F42701A58382ABF677F517869A0E0AAFD99FD440DEFACE10FF2F42588A43FEF3E15DC34F4FC1567B33FA8BCD829F82ACF667F51075312B0B8A7CF1338B810336C186C6FA6F64EAECBA977DDCD1D298B0BA06EA86AFCF4CFEA2CBB6A1E06ABD9A4EAA07C371A698EEB872962EBD34ED91AD7B0E735C2E0E9170A2D9ABA203443544EE0DAEFF9B53EB136473A9585CC747A5F663ED9C1B9C48BDBC283B88421008421008421008421008421071F1BE8B66A49E107376468683AC03716BF22872A7102AB53258DBBE33E4B1FE453C4C2ED235DF428E708623CEE7BDECC275518712E0C124658DB9BD80CDD4104793E4F2AF8485DE73F362D1764FEAC703E91D5521498895BB985AA3CE633F25ACFC44AFF00F9ACDE86208FDD88557FF47D23A890711EA774C3E9FF00F09FE7106B8EBC272FA188193BAB3AF094E7C05810309B8973EEBE1FCFA89C38A38BEF8AA698B9CD36963366DC927387205DF6E4D673AF08549F048C1F24E8C4CC587513CB8CB25467DB4CCE0F73373B436D1AF48E440F9CD1BCBCCC1BC3D09484083137BD1E80B1BE9223AD8C3E16B5675C7C6CACD8E9DE01B3A6FA96EFF6D7CE23943438F98208D31C71898DCDD8E083EB5CF746D34D0C84D3B3F88E791A4E7339DC89A2CC6C70168DAD8DC0BB3B606360710036D9BB1CC2FF00C7A46F81B86F8F18EA9D2D44A5A1D68ED04766C85B665F3CE816FB45C3FCA171656BB344C338D81B59B359C0EA049D42F6F42A1DD49949AD632CC9B3AE4697B04E1A09D19FB24C5C0DB9759595D952AEBD84CC02D717869C075CD866BB64B1DDD164D07D3BDAE68B3FEBAD9C3EBB4581CE75EFAF4016D76B249A77E88ECFD45D1901E1C083CAEB59A336C81D6FCA7E10B3BEBC0233866886943EED274D8DEE357A0EF8584E51F09F69FE2F77EB1C23A1CDFB373FC1DAE9DF4DE10CD7CFCD707B6E069766B9A3EC875E4D1B87A52840F1A035C5AFB6C8D739D6D5DB16FD6EE9DF40E06E51709DDC0D51DCCC059437B9074DF63B158E3CA46152C076D02ED04DA2A31604DB4B732EB8629E43A0EC9668BB1E1FF581D73AFEB6D6B68D1A6C4EA4999B2343A421C080EB80E7E6BDA3ECDED35C6EEAD59C75A81C2ECA2613CEFBD76A41D39B416B836FB5B1FE4525D943C299AEB551CF69768D8A84E869EF763B9D1BCB80E666EBB96120B85DFDA8235340974F6DBFBE4A548C2C3DB39CECDCD6B256979739EE22E1C0CBAAF6BDAD7D3AAC10384E51309D98455036B67F6943A4DAF6D31F6A5618F295850CA5BB6466DAE06C543C9FC59962B87552665DEE2E009D2E6B5FA4DB784FBC3F25A95744E32C6E2339AF01B7767EBB38D880F73B706EA0763328F84F365FF102EC360763A1B0D008BF69A7CCBCA3CA961531E7999A736F7FABA669DD3F67353684524723E38A30E0E0D26CE95A05C96DEF9DA356BBAC381A179134603AEC2096B44848FE123B570DEF3D903C8653B0A0CC6999A4BEC01CCA4EDB46BB5B46A283952C29DB01232ED03ED0A5B69DDB86D93565A595B134B9B237611724B2602CD3AEF7B0D17D36D1E658B094273DAED8DEFCFD01BF580DCF6C2C6E7703B42A267C9263E4F840D44157B1EC9086C8C746C2CCF8C92D75C5C8B836D5BEA49556B11EB36B612A7D943E064CE113ECE7B1CD649A0383B5FDA034AB18CC112B4F6B53216F7AF739CEE79375075A699AC697BDC18D68BB9CE21AD68DF24E8014778572CB83A22E6B1B34E5A734398D8DB1BEDBA1CE7036F3268E5568AB1D50E6C8F96681B9A6363EFB130E68BE868B38DEE7388BE9B28F8C0D1AE300F201F2412E332DF11B9DA32E6EE1123493E6CDB7E6BBF8BB957C1B54E6C4E73E92471B35B52D6B18E3BC24692DF490543383F09163431CD6BD83500D6B1EDF0380D3E7F4AE661BA96C80864649DC25A1A4A0B68851BE43B09554942E8EA8E7085FB1D339C739FB106839A4EE869D00F9B7149083C2120C437964420C7B0B7791B10DE0B221063D886F2F7621BC968408D8C6F2F430252100842100A3BCB160E33C54E36530B58F73B38E788CB88B59CE6825BBB6245B5DC8522244D135C0B5C0381D608B841593E81887DAABA71E1AA8CFB894B181A9F76B29FD6B8FB9AAC41C5FA4E023E604763D49C5E3E60415DFE88A5DDACA7E74C7DD1AF460AA4E3707FF0023FB4AC3F63D49C5E3E604763D49C5E3E6350579FA36938DC1CDAA3FF651F47D1F1B879959FD9561BB1EA4E2F1F3023B1EA4E2F1F3020AF3B428F8DC3EAEB7FB0834145C6E2F575BFD8561BB1FA4E2F1F3023B1FA4E2F1F3020806A0533C66BAB2122E0D84154DD2010348A7DE256B8A0A2E3717ABACFECAB0DD8FD27178F98D4763D49C5E3E60415EB68D171B8BD5D67F65787075171B8BD5D5FF0065586EC7A938BC7CC0BCEC76938BC7CC082BCFD1945C6E1E6557F690DC19460822B2116D2344E3DF1AB0DD8ED1F178F9811D8ED1F178F98D415F1F414C7FE360E4FB43FEDA41C194FB9594DE7701EF62B0DD8ED1F178F98D4763B47C5E3E63505778317227C8DCDAA8DC4B858424CB25EFFC2C68B5FC361CAACC535F3197D79A2F7D77B2D4A5C0D4D11CE8E1630EF868056FA0C53D3B1E2CF6870DE22E9B785310E8E6B9CCCD27780213A508234AAC9242EFB3216F8090B523C8B404DDF53211BC14AC841C4C5AC5A8A8A311445C5ADD59C6E576D0840210840210840210840210840210840210840210840210840210840210840210840210840210840210840210840210840210840210841FFFD9',
  'JPEG',
  'system',CURRENT_TIMESTAMP,'system',CURRENT_TIMESTAMP);
INSERT INTO `calordersdb`.`PRODUCT`(`VND_UID_FK`,`PRD_SKU`,`PRD_NAME`,`PRD_CATEGORY_CD`,
   `PRD_SHORT_DESC`,
   `PRD_LONG_DESC`,
   `PRD_PRICE`, `PRD_ACTIVE_IND`,`PRD_CNTR_LN_ITM`,`PRD_OEM_PART_NUM`,
   `PRD_OEM_NAME`,`PRD_CNTR_UNIT_PRICE`,`PRD_CNTR_DISCOUNT`,`PRD_UNIT_CD`, 
   `PRD_IMG_IMAGE`,
   `PRD_IMG_TYPE_CD`,
   `CREATE_USER_ID`,`CREATE_TS`,`UPDATE_USER_ID`,`UPDATE_TS`) 
   VALUES(
   (SELECT VND_UID FROM calordersdb.VENDOR where VND_NAME='The Tech Group'),
   '210-AFXL','Standard-Dell Optiplex 3040 MT','DESK',
   'Standard-Dell Optiplex 3040 MT Core i5-6500, 3.20GHz, 4GB 1DIMM 1600MHz DDR3L',
   'Standard-Dell Optiplex 3040 MT Core i5-6500, 3.20GHz, 4GB 1DIMM 1600MHz DDR3L, Windows 7 Pro (32/64 bit), integrated Intel HD Graphics 530, DVD+/- RW, 500GB SATA 7200rpm, USB Optical Wheel Mouse, USB Keyboard, 3-Year Next Business Day On-Site Warranty',
   1013.71,1,'102d','210-AFXL',
   'DELL',446.03,56,'EACH', 
   x'FFD8FFE000104A46494600010100000100010000FFDB008400090607111212101010121510150F1515100F10121010100F100F1515161615151515181D2820181A251D151521312125292B2E2E2E17203338332D37282D3A2B010A0A0A0E0D0E160F0F17371F171D372B2B2D2B2D37372D2D2D2B2B2D2D2D2D352B2D2D2D2D2B2D2B2D2D2D372B2D2D2D2D2B2D2B2D2B2B2D2D2B2D2B2D2B2B2BFFC000110800B2011B03012200021101031101FFC4001C0000010403010000000000000000000000000206070803040501FFC40052100001030200060A0E08040307050000000100020304110506071221311314415153546192D1D21622355271727381919394B1B2C11523323462A1B3F042A2C2D32482A33343445563C3E32583A4B4E2FFC400190101010101010100000000000000000000000102050304FFC4002411010001030403010003010000000000000001021251031113713252613314319141FFDA000C03010002110311003F009C50842010842010842010842010B8F8DD84DD4D4934ACFB600646779EF21A0F9AF7F3284EAF09D5005E6B6A6E48B93553318339C0124301B017BE86F99058442AEB26189C071FA49E480481B7AB0E7585F4769BBA85F4DF79070AD5F1BAAF6A9BA5058A42AE470C5671CA9F699BA563386EB38E54FB4CDD6416450AB53B0FD6F1BA9F699BACB1BB18EB78DD47B4CDD6416650AB11C67AEE3751ED1375920E3557F1B9FDA26EB20B4085570E3657F1B9FD7CDD64938DF5FC6A7F5F375905A542AACEC71C21C6A6F5F3759627639610E373FAF9FAC82D72154D38E78438D4DED13F5D20E3A610E3537B45475D05B542A8FD99E10E3537B45475D1D99610E3537B45475D05B842A8A71C2BF8D4FED353D75E1C6EAFE353FB4D4F5D05BB42A8B1637D7B5CD76D999D9A41CD754D5169E42364D213AB06635D655C52873DD1907343A0352D76A0743B64362933111BC8B208553B0963057412960A9A919B62364A9A82EBEBBFDBB59584C9661F92BB07433CDA6405F148EEFCB1D6CEF38B2076A108402108402172B1AB08BA9E92A27658BA261736FAAFB9751350E3561AA9697C3346D6839B773436E6C09B683BE104DC850AC984B0FEB3590B7C03FF001AE7D561FC36DFB55ED1E2B19F36209E90AB7D4E3B6176EBAF779991755683F28F8507FC749CC8FAA82CFA15606E5330A71C71F0B1BD54EBC48C7CC2134F4FB2540958F94452445967669B0CED5A35E8F020933293F7093C78BE36A86AB5E6CDB122EEB68241B66B8EE7814C994BFB84BE3C5FA8D50B559D0DF1BFA5CBD34A37D4A7B879EAF855D31DCEFBB9EEE94A0C1CBCE774A484B6AEE71D1EB0E3725791B10FD9774A0C0DDEFCCA5DD0AF151EB0CF257ED246D5677BF995E9A38FBC1F9AC852827151EB07257ED2D61471F78165FA3E1E0DABD3AD676A7151EB093A95FB49030641C137D08382A0E09BE85B9084BCC538E8F58639753DA7FD7265C170704DF42C0EC190704DF42EC491AC0634E3A3D61B8D5AFDA5CD182E0E099CD5E3B04C1C1339A1748449661538F4FD61AE4AF32E23B0541C1339A179F45C1C1379ABB0605E888271D1EB0D72579971BE8A83826F357BF4543C1379ABBAD806F2518029669FAC2F2579703E8983826FA178704C1C1379ABBFB005E6C012CD3F58392BCA3DC3B03592E6B1A1A335A6C340B9BF42B05906EE4B3CB4DF1281B1B9B6A923F033E6A79C8377259E5A6F8971757CEADB32EBE97853D42444210BCDE81084206EE50BB9D59E4CA84A8227BA961CD12B809A52ED864644EFB2DB5CB8116BEE594D9944EE7567933F2517623C0C34D72D693B23F496827737506B3DAF14F9ACED65B0CD33BB39C06CD2921D2359A4E696EA1A884D8AF654E9CF9213C82490FBD81491591B40D0D68FF284D3C2C469D0819350F781A4B49B8B39A74817B93A7D0B55D23AFA6507CF26FF00285D1C24ED6B88F3A50658A5B67DEC73985A2ED0EB38906E34F6A746BE53BE9D99363FE2A01FF5A3F88266DD3BB26CF1B729C13A4CACB73904F594FEE7CDE3C5FAAD50A4E7EC78DFD2E5356547B9D378F0FEAB142323B4B3C6FE972F4D1FD29EE1E7ABE15752584A05257A177DC464BAF6EB1829575519129A9174A623330F1CB346E581E9711427FA6E44F5973CAD3639662E51E72CE643E158F661BCB1172C4F7A6CB12DA32B579B305A45EBCCF52D6F76C4B32C3B3958DCE58AEAECD437E2A85B4C782B92C72D88E459985746CBCB2D76CE52F6659D83131CFEF4EF119F353B641BB92CF2D37C4A07C7175EA5C7F033E6A78C8377259E5A6F897135BCEAEE5DBD2F0A7A8488842179BD0210840DCCA2773AB3C99F78515625E6ED6D2D713B23EF6CEB6B1CB652A6517B9B59E4CFBC28BB11E768A5B13A7647E8B13BDBC8372BF36DFECDDE7B7CCA6B6117334DE33C962D6DBDE9D184AA5BA75F35DD099F8565D7AFD05037ABDECEF0F3DBD55C971D3A340DC06C4FA6C16ED715A16407EF713A3272C3B7E94DB46CACB9DD1627A7F24D7B27664DE4B56D30B6B959A77076C4FC8FA104F5953EE6CFE343FACC50E6056B5D51087805A4BAE08CE1FECDF6D0A63CAA77367F1A1FD66285F04BBEBE2F0BBF4DEBD347F4A7B879EB7E75752789A2A7EF19EAC742368C1DE33D58E85AFB2A365E50BBB6B8574B636941DE33D5B7A17A28E0EF19EADBD0B5B66FDE946CFCBEF4B7E974B745241DE47EADBD0B2329A9FBC8FD537A173F66E5FC979B37EECA5BF4BA5D334F4FC1C7EA9BD0971C54DC1C7EA5BD0B926648151FBD0A59F56F977DACA6E0E3F52DE85903697838FD4B7A1371D583F65BD2815BCBF98E9538BE97CE0E66B697838BD4B7A12C1A3DD8A2F50D3FD29ADB77F10F48E949756F28F4ACF0FD58D598FF00878326C1E35C50FB337AA915B3E0F2DB32385A6E09FF000C012D1AC5F3346E7B9335D59CA91B6FC3E82A7F1E332DFF0022ADB6DA0F5A29F073581AF64448DD34C1CEB6E5DD99A4A4CB5183B7238BD9875532F6CF879AE41A8F0FA1DD09FC78CCAF3D5B6DB41D8E9E87BC8BD9C755276CD17791FB38EAA6999CFEEFD0BCD98ABC31939A70769ACA3EF23F671D548756527791FA81D54D4D9CAF36C270C64E59C19B9457B1D5D218C00DCC8EC037347D9D3A14DB907EE4B3CB4DF1A81B1BDD7A971FC0CF7153CE41FB931F969BE35C7D58DABABB97634BC29EA12221085E6D8421081B7946EE6D67933EF0A2DC492FDA82D9B6CF9358713AD4A3947EE6D67932A30C49FB98F1E4F7A0561473F4DCB79A7A534309484126E3D1D253AB0B3F5A666147EB41C4ADA826E0DB4EF3183E4B4565A976958507A9D59388EF5D4AEBEA959A37F491D29A89E1935FBE53F958FE3413B655BB9B3F8D0FEB46A12C1CEB4D1F85DBB6FE0729B32AFDCCA8F1A1FD78D4194F206C8C245C02747F95CBD747F4A7B879EAFE7575274ECBFBB9419BF775CB15CDDE3F920D5B4EE90BBAE26CE9197C3F9243A5E47799AC3F25CE325F548424DDDB92DBCEA9B378CFC8FF00551F42F04F6DC7FAA8FA16911270DF9A4DA5E17F3537366F1AAF1FD53579B6C7E2F5765A044DC27E692767E107A426E5AE89AB1CBE870F714935437FF507CD73EF36EC83F2492F97BE07D09B96BA06ABF17F3CA120D51EF87AD9173CC8FE43E84832BB787A026E6CE89A93DF37D73D24D49DF6FAE7742E7194F7A124CC3BC09BADAE96D8F13D6B7E611B3F233D647D55CB350DEF179B699C1A9BADAEA6CA3799CF8BAA8D907E1F3187A172B6D3383FCCAF36D47C1FE69BADAEB67FEFEA8FC91B2F2FF2C7D2B91B723E0FF328DBACE0CF38A9BC16CB918CCEBCE4FE16EE01BFBCA7EC83F7263F2D37C6ABD61A78749702DDA8D1E72AC2E41FB931F969BE35C3D6FD2AEE5D8D2F0A7A8486842179BD0210840DACA47736B3C9955F6830C4F133323CDCD049D2C613736BE921582CA47736B3C9955FE8302492B364688F34923B67906E2DB99A507B261CA83AF3399175563C5F7D4D75432958E8D8E933B35CF8D818034126E5A2FB8B24B801E359847FEEBBAAB1E0469A398543658F3997CD19CE2CD22C6E00D3A0F220EA1C4D99EC9A465453BC451BA71F57306CD1817CE89E5B9AEDCDDDD09953CAE02F61AEDA9BBC9DCEC6A0DD900310D918F889B5438B2379BB9B1E75C30136D43F85A3535A034EAD919D0C73469BE92F1FD283576CBB79BE809E193875EAA99C6C3EBE21A0002D9E3A5338C03BF6FA64EAA78E4DDB6AAA61707EBE23A09B7DB1BFE041396563B9951E341FAF1A81DB259CD3CA7E12A77CAD1FFD2EA3C683F5E35004CED5E1F915E9A3E74F70F3D5F0ABA6F3AA414832AD2D9420D42EE5CE45ADB2F2906EB576DA4EDD2A5D0B64B68B5C9043B7CAD7DBABCDBCA5D0D595619C8772AF3B6DF5836F2F36FACDD195B2AC339CEE55E5DCB5CE105E1C22A5D4E56CAB0D82F7A4195EB07D2237924E1052F8CB565586C6CCF5E6D872D635C926B539232BC7386E6DA72F76D9DE5A26AD79B653923271FC6FEDDE447D2037968ECE11B204BFE9C7186F7D23C8BDFA4BF08F42D0CE08D09749C74E18309CB9CFCEB5AED1A3CE5589C83F7263F2D37C6AB9558D23C1F32AC6E41FB931F969BE35C8D5F3A9D1A3C6121A1085868210840D9CA4F736B3C99512E2BBAD48DF1DFF001296F291DCDACF27F30A1FC5C75A91BE3BFE241AB85A73A75735BD099F841DAFF7BA9CB859FAD352B9DAFF007BA106895E210804EFC9AFDF29BCB45F184D04EFC9AFDF29FCB45F184139E577B9751E341FAF1AAF950740F0FC8AB0595FEE554F8F07FF0062355EE504E81BFBF65BD39DAB8966B8DE9963CE49297B03B939CD5E181DC9CE6AEA72D1ECF878EAC309492B3984F273C24985DF879C14E5A3D9AB2AC301492166319DF6F38241672B79C1667528CAD956188858C859CB79473824DB95BCE6F4AC4D7465AB6AC301092567206FB79CD49CD1BE3CCE6F4AC4D54E5ADAAC3090BC599CDB6F0F0B9BD2925BCA39CDE959DE9CAED386242CB99E0E737A51B09E4E737A54BA32BB4E1891759853BB78739BD2BDDA8FEF7F999D2A5D1936961BA33967143277BFCCCE95EED097BDFE6674A5F192D960CF4679594D04BDEFF333A52E3C153B85DB139C2F6BB6CE17D76D1BA9C9F4B7E3111700FEF595637213DC98FCB4FF001AAF8691EC01B234B1DAF35C2C6C752B0B90C16C14CF2D3FC6BE6ABFB97B47F490108428A1084206CE523B9B59E27CC286B00BAD4A3C67FBD4CD947EE6D6789F30A13C0EEFF0C3C67FBD07370ABF5A6CD51D7FBDD0BBD851FAD37673AFF7BA10604210804EFC9B7DEE9FCBC5F184D04EFC9B7DEE9FCBC5F18416331C302EDDA39E96F63234161DC12B1C1ECBF267345F914072E22E15692DDA32BAC6D76BA02D3CA0E7EA5655082B3F611857884DE983AE83891857FE5F37A60EBAB30841594E23616E2137A61EBA49C44C2DC426F4C3D75671082B01C41C2DC426F4C3D748393FC2DC426F4C3D75689082AD1C9E616E2337FA5D7582A710B09B0674948F8C6ACE7BA1636FBD72F56B17131BE28DD4F9B23831B9EDED8EABE941587B12ADE07FD6A6FEE2EB62CD057D14AF9994ED797C4E8483514EDB07169B821E74F6A345AC74A94C5051F0EDF3249C1D49C304114E30609ADAA91B21A66C599188835B514EE160E73AF72F16FB56B6E582E60C53ACE0BFD6A6FEE2998E0CA4E18241C1B483FDF04112D362461192FB1D33E4B6BCC742FB786CF5B4DC40C2BC4A6F433ACA78C458A16BA6113B3EED6DEDB9627A53C1055A6E22E15E2337A19D6591B893857884FE88FACAD0A1056CC1D88784A42E0EA77419A2E0CA1D677237630ED3E1B2E947939AED370CD5A34550D3EA558142080064EAB08D4DBEE1FF00139A0728D874EEEEEEAD7A9C9ED73585CD8F39CD04E6B766CE7FE16831800F85D6561D082B0F617851C6DB42A2E74691181E725DA14F793EC00EA1A1869E420BC67492D8DC07BDC5C403BB6B81E64E34201084201084206D651FB9B59E20F88283306BAD4E3C67FBD4E7947EE6D5F883E36A81E8CDA003F13BDE839384DFAD709E75FEF742EB6127EB5C83BBFBDD0810842CDB5FF1339EDF9A0C29DF936FBDD3F968BE309AC29FF1339E3427464F1C1B550389D0D9A3248B9166B81245B5A0B4C85C6ECA28F853EAA61FD294319A8F8768F0870F7841D742E4764F43BB5508F1A5637DE52D98C9427556539E41530DFE241D442D786BA27FD8958FF15ED77B8AD84099240D05CE360D0493BC0692571DF8CF4C375C79430FCD798DF2BDB4CECC63A4BB9A1ED65B3F32FA6C0EBDC4CC64F1102F0D50DF1B5A4EA2078765B4DBEEE68E95C6C6AC6264B0EC7038B5C4DC921A066D8E8D37DF5CAD922E06ABD9E4EAAC73089C2C61AAF677F550369D149C2FC3D090764E14FF002F42701A58382ABF677F517869A0E0AAFD99FD440DEFACE10FF2F42588A43FEF3E15DC34F4FC1567B33FA8BCD829F82ACF667F51075312B0B8A7CF1338B810336C186C6FA6F64EAECBA977DDCD1D298B0BA06EA86AFCF4CFEA2CBB6A1E06ABD9A4EAA07C371A698EEB872962EBD34ED91AD7B0E735C2E0E9170A2D9ABA203443544EE0DAEFF9B53EB136473A9585CC747A5F663ED9C1B9C48BDBC283B88421008421008421008421008421071F1BE8B66A49E107376468683AC03716BF22872A7102AB53258DBBE33E4B1FE453C4C2ED235DF428E708623CEE7BDECC275518712E0C124658DB9BD80CDD4104793E4F2AF8485DE73F362D1764FEAC703E91D5521498895BB985AA3CE633F25ACFC44AFF00F9ACDE86208FDD88557FF47D23A890711EA774C3E9FF00F09FE7106B8EBC272FA188193BAB3AF094E7C05810309B8973EEBE1FCFA89C38A38BEF8AA698B9CD36963366DC927387205DF6E4D673AF08549F048C1F24E8C4CC587513CB8CB25467DB4CCE0F73373B436D1AF48E440F9CD1BCBCCC1BC3D09484083137BD1E80B1BE9223AD8C3E16B5675C7C6CACD8E9DE01B3A6FA96EFF6D7CE23943438F98208D31C71898DCDD8E083EB5CF746D34D0C84D3B3F88E791A4E7339DC89A2CC6C70168DAD8DC0BB3B606360710036D9BB1CC2FF00C7A46F81B86F8F18EA9D2D44A5A1D68ED04766C85B665F3CE816FB45C3FCA171656BB344C338D81B59B359C0EA049D42F6F42A1DD49949AD632CC9B3AE4697B04E1A09D19FB24C5C0DB9759595D952AEBD84CC02D717869C075CD866BB64B1DDD164D07D3BDAE68B3FEBAD9C3EBB4581CE75EFAF4016D76B249A77E88ECFD45D1901E1C083CAEB59A336C81D6FCA7E10B3BEBC0233866886943EED274D8DEE357A0EF8584E51F09F69FE2F77EB1C23A1CDFB373FC1DAE9DF4DE10CD7CFCD707B6E069766B9A3EC875E4D1B87A52840F1A035C5AFB6C8D739D6D5DB16FD6EE9DF40E06E51709DDC0D51DCCC059437B9074DF63B158E3CA46152C076D02ED04DA2A31604DB4B732EB8629E43A0EC9668BB1E1FF581D73AFEB6D6B68D1A6C4EA4999B2343A421C080EB80E7E6BDA3ECDED35C6EEAD59C75A81C2ECA2613CEFBD76A41D39B416B836FB5B1FE4525D943C299AEB551CF69768D8A84E869EF763B9D1BCB80E666EBB96120B85DFDA8235340974F6DBFBE4A548C2C3DB39CECDCD6B256979739EE22E1C0CBAAF6BDAD7D3AAC10384E51309D98455036B67F6943A4DAF6D31F6A5618F295850CA5BB6466DAE06C543C9FC59962B87552665DEE2E009D2E6B5FA4DB784FBC3F25A95744E32C6E2339AF01B7767EBB38D880F73B706EA0763328F84F365FF102EC360763A1B0D008BF69A7CCBCA3CA961531E7999A736F7FABA669DD3F67353684524723E38A30E0E0D26CE95A05C96DEF9DA356BBAC381A179134603AEC2096B44848FE123B570DEF3D903C8653B0A0CC6999A4BEC01CCA4EDB46BB5B46A283952C29DB01232ED03ED0A5B69DDB86D93565A595B134B9B237611724B2602CD3AEF7B0D17D36D1E658B094273DAED8DEFCFD01BF580DCF6C2C6E7703B42A267C9263E4F840D44157B1EC9086C8C746C2CCF8C92D75C5C8B836D5BEA49556B11EB36B612A7D943E064CE113ECE7B1CD649A0383B5FDA034AB18CC112B4F6B53216F7AF739CEE79375075A699AC697BDC18D68BB9CE21AD68DF24E8014778572CB83A22E6B1B34E5A734398D8DB1BEDBA1CE7036F3268E5568AB1D50E6C8F96681B9A6363EFB130E68BE868B38DEE7388BE9B28F8C0D1AE300F201F2412E332DF11B9DA32E6EE1123493E6CDB7E6BBF8BB957C1B54E6C4E73E92471B35B52D6B18E3BC24692DF490543383F09163431CD6BD83500D6B1EDF0380D3E7F4AE661BA96C80864649DC25A1A4A0B68851BE43B09554942E8EA8E7085FB1D339C739FB106839A4EE869D00F9B7149083C2120C437964420C7B0B7791B10DE0B221063D886F2F7621BC968408D8C6F2F430252100842100A3BCB160E33C54E36530B58F73B38E788CB88B59CE6825BBB6245B5DC8522244D135C0B5C0381D608B841593E81887DAABA71E1AA8CFB894B181A9F76B29FD6B8FB9AAC41C5FA4E023E604763D49C5E3E60415DFE88A5DDACA7E74C7DD1AF460AA4E3707FF0023FB4AC3F63D49C5E3E604763D49C5E3E6350579FA36938DC1CDAA3FF651F47D1F1B879959FD9561BB1EA4E2F1F3023B1EA4E2F1F3020AF3B428F8DC3EAEB7FB0834145C6E2F575BFD8561BB1FA4E2F1F3023B1FA4E2F1F3020806A0533C66BAB2122E0D84154DD2010348A7DE256B8A0A2E3717ABACFECAB0DD8FD27178F98D4763D49C5E3E60415EB68D171B8BD5D67F65787075171B8BD5D5FF0065586EC7A938BC7CC0BCEC76938BC7CC082BCFD1945C6E1E6557F690DC19460822B2116D2344E3DF1AB0DD8ED1F178F9811D8ED1F178F98D415F1F414C7FE360E4FB43FEDA41C194FB9594DE7701EF62B0DD8ED1F178F98D4763B47C5E3E63505778317227C8DCDAA8DC4B858424CB25EFFC2C68B5FC361CAACC535F3197D79A2F7D77B2D4A5C0D4D11CE8E1630EF868056FA0C53D3B1E2CF6870DE22E9B785310E8E6B9CCCD27780213A508234AAC9242EFB3216F8090B523C8B404DDF53211BC14AC841C4C5AC5A8A8A311445C5ADD59C6E576D0840210840210840210840210840210840210840210840210840210840210840210840210840210840210840210840210840210840210841FFFD9',
   'JPEG',
   'system',CURRENT_TIMESTAMP,'system',CURRENT_TIMESTAMP);
INSERT INTO `calordersdb`.`PRODUCT`(`VND_UID_FK`,`PRD_SKU`,`PRD_NAME`,`PRD_CATEGORY_CD`,
   `PRD_SHORT_DESC`,
   `PRD_LONG_DESC`,
   `PRD_PRICE`, `PRD_ACTIVE_IND`,`PRD_CNTR_LN_ITM`,`PRD_OEM_PART_NUM`,
   `PRD_OEM_NAME`,`PRD_CNTR_UNIT_PRICE`,`PRD_CNTR_DISCOUNT`,`PRD_UNIT_CD`, 
   `PRD_IMG_IMAGE`,
   `PRD_IMG_TYPE_CD`,
   `CREATE_USER_ID`,`CREATE_TS`,`UPDATE_USER_ID`,`UPDATE_TS`) 
   VALUES(
   (SELECT VND_UID FROM calordersdb.VENDOR where VND_NAME='The Tech Group'),
   '210-AFXJ','Standard-Dell Optiplex 3040 Micro','DESK',
   'Standard-Dell Optiplex 3040 Micro Core i5-6500T, 2.5GHz, 4GB 1DIMM 1600MHz DDR3L',
   'Standard-Dell Optiplex 3040 Micro Core i5-6500T, 2.5GHz, 4GB 1DIMM 1600MHz DDR3L, Windows 7 Pro (32/64 bit), integrated Intel HD Graphics 530, 500GB SATA 7200rpm, USB Optical Wheel Mouse, USB Keyboard, 3-Year Next Business Day On-Site Warranty',
   930.43,1,'106a','210-AFXJ',
   'DELL',409.39,56,'EACH', 
   x'FFD8FFE000104A46494600010100000100010000FFDB008400090607111212101010121510150F1515100F10121010100F100F1515161615151515181D2820181A251D151521312125292B2E2E2E17203338332D37282D3A2B010A0A0A0E0D0E160F0F17371F171D372B2B2D2B2D37372D2D2D2B2B2D2D2D2D352B2D2D2D2D2B2D2B2D2D2D372B2D2D2D2D2B2D2B2D2B2B2D2D2B2D2B2D2B2B2BFFC000110800B2011B03012200021101031101FFC4001C0000010403010000000000000000000000000206070803040501FFC40052100001030200060A0E08040307050000000100020304110506071221311314415153546192D1D21622355271727381919394B1B2C11523323462A1B3F042A2C2D32482A33343445563C3E32583A4B4E2FFC400190101010101010100000000000000000000000102050304FFC4002411010001030403010003010000000000000001021251031113713252613314319141FFDA000C03010002110311003F009C50842010842010842010842010B8F8DD84DD4D4934ACFB600646779EF21A0F9AF7F3284EAF09D5005E6B6A6E48B93553318339C0124301B017BE86F99058442AEB26189C071FA49E480481B7AB0E7585F4769BBA85F4DF79070AD5F1BAAF6A9BA5058A42AE470C5671CA9F699BA563386EB38E54FB4CDD6416450AB53B0FD6F1BA9F699BACB1BB18EB78DD47B4CDD6416650AB11C67AEE3751ED1375920E3557F1B9FDA26EB20B4085570E3657F1B9FD7CDD64938DF5FC6A7F5F375905A542AACEC71C21C6A6F5F3759627639610E373FAF9FAC82D72154D38E78438D4DED13F5D20E3A610E3537B45475D05B542A8FD99E10E3537B45475D1D99610E3537B45475D05B842A8A71C2BF8D4FED353D75E1C6EAFE353FB4D4F5D05BB42A8B1637D7B5CD76D999D9A41CD754D5169E42364D213AB06635D655C52873DD1907343A0352D76A0743B64362933111BC8B208553B0963057412960A9A919B62364A9A82EBEBBFDBB59584C9661F92BB07433CDA6405F148EEFCB1D6CEF38B2076A108402108402172B1AB08BA9E92A27658BA261736FAAFB9751350E3561AA9697C3346D6839B773436E6C09B683BE104DC850AC984B0FEB3590B7C03FF001AE7D561FC36DFB55ED1E2B19F36209E90AB7D4E3B6176EBAF779991755683F28F8507FC749CC8FAA82CFA15606E5330A71C71F0B1BD54EBC48C7CC2134F4FB2540958F94452445967669B0CED5A35E8F020933293F7093C78BE36A86AB5E6CDB122EEB68241B66B8EE7814C994BFB84BE3C5FA8D50B559D0DF1BFA5CBD34A37D4A7B879EAF855D31DCEFBB9EEE94A0C1CBCE774A484B6AEE71D1EB0E3725791B10FD9774A0C0DDEFCCA5DD0AF151EB0CF257ED246D5677BF995E9A38FBC1F9AC852827151EB07257ED2D61471F78165FA3E1E0DABD3AD676A7151EB093A95FB49030641C137D08382A0E09BE85B9084BCC538E8F58639753DA7FD7265C170704DF42C0EC190704DF42EC491AC0634E3A3D61B8D5AFDA5CD182E0E099CD5E3B04C1C1339A1748449661538F4FD61AE4AF32E23B0541C1339A179F45C1C1379ABB0605E888271D1EB0D72579971BE8A83826F357BF4543C1379ABBAD806F2518029669FAC2F2579703E8983826FA178704C1C1379ABBFB005E6C012CD3F58392BCA3DC3B03592E6B1A1A335A6C340B9BF42B05906EE4B3CB4DF1281B1B9B6A923F033E6A79C8377259E5A6F8971757CEADB32EBE97853D42444210BCDE81084206EE50BB9D59E4CA84A8227BA961CD12B809A52ED864644EFB2DB5CB8116BEE594D9944EE7567933F2517623C0C34D72D693B23F496827737506B3DAF14F9ACED65B0CD33BB39C06CD2921D2359A4E696EA1A884D8AF654E9CF9213C82490FBD81491591B40D0D68FF284D3C2C469D0819350F781A4B49B8B39A74817B93A7D0B55D23AFA6507CF26FF00285D1C24ED6B88F3A50658A5B67DEC73985A2ED0EB38906E34F6A746BE53BE9D99363FE2A01FF5A3F88266DD3BB26CF1B729C13A4CACB73904F594FEE7CDE3C5FAAD50A4E7EC78DFD2E5356547B9D378F0FEAB142323B4B3C6FE972F4D1FD29EE1E7ABE15752584A05257A177DC464BAF6EB1829575519129A9174A623330F1CB346E581E9711427FA6E44F5973CAD3639662E51E72CE643E158F661BCB1172C4F7A6CB12DA32B579B305A45EBCCF52D6F76C4B32C3B3958DCE58AEAECD437E2A85B4C782B92C72D88E459985746CBCB2D76CE52F6659D83131CFEF4EF119F353B641BB92CF2D37C4A07C7175EA5C7F033E6A78C8377259E5A6F897135BCEAEE5DBD2F0A7A8488842179BD0210840DCCA2773AB3C99F78515625E6ED6D2D713B23EF6CEB6B1CB652A6517B9B59E4CFBC28BB11E768A5B13A7647E8B13BDBC8372BF36DFECDDE7B7CCA6B6117334DE33C962D6DBDE9D184AA5BA75F35DD099F8565D7AFD05037ABDECEF0F3DBD55C971D3A340DC06C4FA6C16ED715A16407EF713A3272C3B7E94DB46CACB9DD1627A7F24D7B27664DE4B56D30B6B959A77076C4FC8FA104F5953EE6CFE343FACC50E6056B5D51087805A4BAE08CE1FECDF6D0A63CAA77367F1A1FD66285F04BBEBE2F0BBF4DEBD347F4A7B879EB7E75752789A2A7EF19EAC742368C1DE33D58E85AFB2A365E50BBB6B8574B636941DE33D5B7A17A28E0EF19EADBD0B5B66FDE946CFCBEF4B7E974B745241DE47EADBD0B2329A9FBC8FD537A173F66E5FC979B37EECA5BF4BA5D334F4FC1C7EA9BD0971C54DC1C7EA5BD0B926648151FBD0A59F56F977DACA6E0E3F52DE85903697838FD4B7A1371D583F65BD2815BCBF98E9538BE97CE0E66B697838BD4B7A12C1A3DD8A2F50D3FD29ADB77F10F48E949756F28F4ACF0FD58D598FF00878326C1E35C50FB337AA915B3E0F2DB32385A6E09FF000C012D1AC5F3346E7B9335D59CA91B6FC3E82A7F1E332DFF0022ADB6DA0F5A29F073581AF64448DD34C1CEB6E5DD99A4A4CB5183B7238BD9875532F6CF879AE41A8F0FA1DD09FC78CCAF3D5B6DB41D8E9E87BC8BD9C755276CD17791FB38EAA6999CFEEFD0BCD98ABC31939A70769ACA3EF23F671D548756527791FA81D54D4D9CAF36C270C64E59C19B9457B1D5D218C00DCC8EC037347D9D3A14DB907EE4B3CB4DF1A81B1BDD7A971FC0CF7153CE41FB931F969BE35C7D58DABABB97634BC29EA12221085E6D8421081B7946EE6D67933EF0A2DC492FDA82D9B6CF9358713AD4A3947EE6D67932A30C49FB98F1E4F7A0561473F4DCB79A7A534309484126E3D1D253AB0B3F5A666147EB41C4ADA826E0DB4EF3183E4B4565A976958507A9D59388EF5D4AEBEA959A37F491D29A89E1935FBE53F958FE3413B655BB9B3F8D0FEB46A12C1CEB4D1F85DBB6FE0729B32AFDCCA8F1A1FD78D4194F206C8C245C02747F95CBD747F4A7B879EAFE7575274ECBFBB9419BF775CB15CDDE3F920D5B4EE90BBAE26CE9197C3F9243A5E47799AC3F25CE325F548424DDDB92DBCEA9B378CFC8FF00551F42F04F6DC7FAA8FA16911270DF9A4DA5E17F3537366F1AAF1FD53579B6C7E2F5765A044DC27E692767E107A426E5AE89AB1CBE870F714935437FF507CD73EF36EC83F2492F97BE07D09B96BA06ABF17F3CA120D51EF87AD9173CC8FE43E84832BB787A026E6CE89A93DF37D73D24D49DF6FAE7742E7194F7A124CC3BC09BADAE96D8F13D6B7E611B3F233D647D55CB350DEF179B699C1A9BADAEA6CA3799CF8BAA8D907E1F3187A172B6D3383FCCAF36D47C1FE69BADAEB67FEFEA8FC91B2F2FF2C7D2B91B723E0FF328DBACE0CF38A9BC16CB918CCEBCE4FE16EE01BFBCA7EC83F7263F2D37C6ABD61A78749702DDA8D1E72AC2E41FB931F969BE35C3D6FD2AEE5D8D2F0A7A8486842179BD0210840DACA47736B3C9955F6830C4F133323CDCD049D2C613736BE921582CA47736B3C9955FE8302492B364688F34923B67906E2DB99A507B261CA83AF3399175563C5F7D4D75432958E8D8E933B35CF8D818034126E5A2FB8B24B801E359847FEEBBAAB1E0469A398543658F3997CD19CE2CD22C6E00D3A0F220EA1C4D99EC9A465453BC451BA71F57306CD1817CE89E5B9AEDCDDDD09953CAE02F61AEDA9BBC9DCEC6A0DD900310D918F889B5438B2379BB9B1E75C30136D43F85A3535A034EAD919D0C73469BE92F1FD283576CBB79BE809E193875EAA99C6C3EBE21A0002D9E3A5338C03BF6FA64EAA78E4DDB6AAA61707EBE23A09B7DB1BFE041396563B9951E341FAF1A81DB259CD3CA7E12A77CAD1FFD2EA3C683F5E35004CED5E1F915E9A3E74F70F3D5F0ABA6F3AA414832AD2D9420D42EE5CE45ADB2F2906EB576DA4EDD2A5D0B64B68B5C9043B7CAD7DBABCDBCA5D0D595619C8772AF3B6DF5836F2F36FACDD195B2AC339CEE55E5DCB5CE105E1C22A5D4E56CAB0D82F7A4195EB07D2237924E1052F8CB565586C6CCF5E6D872D635C926B539232BC7386E6DA72F76D9DE5A26AD79B653923271FC6FEDDE447D2037968ECE11B204BFE9C7186F7D23C8BDFA4BF08F42D0CE08D09749C74E18309CB9CFCEB5AED1A3CE5589C83F7263F2D37C6AB9558D23C1F32AC6E41FB931F969BE35C8D5F3A9D1A3C6121A1085868210840D9CA4F736B3C99512E2BBAD48DF1DFF001296F291DCDACF27F30A1FC5C75A91BE3BFE241AB85A73A75735BD099F841DAFF7BA9CB859FAD352B9DAFF007BA106895E210804EFC9AFDF29BCB45F184D04EFC9AFDF29FCB45F184139E577B9751E341FAF1AAF950740F0FC8AB0595FEE554F8F07FF0062355EE504E81BFBF65BD39DAB8966B8DE9963CE49297B03B939CD5E181DC9CE6AEA72D1ECF878EAC309492B3984F273C24985DF879C14E5A3D9AB2AC301492166319DF6F38241672B79C1667528CAD956188858C859CB79473824DB95BCE6F4AC4D7465AB6AC301092567206FB79CD49CD1BE3CCE6F4AC4D54E5ADAAC3090BC599CDB6F0F0B9BD2925BCA39CDE959DE9CAED386242CB99E0E737A51B09E4E737A54BA32BB4E1891759853BB78739BD2BDDA8FEF7F999D2A5D1936961BA33967143277BFCCCE95EED097BDFE6674A5F192D960CF4679594D04BDEFF333A52E3C153B85DB139C2F6BB6CE17D76D1BA9C9F4B7E3111700FEF595637213DC98FCB4FF001AAF8691EC01B234B1DAF35C2C6C752B0B90C16C14CF2D3FC6BE6ABFB97B47F490108428A1084206CE523B9B59E27CC286B00BAD4A3C67FBD4CD947EE6D6789F30A13C0EEFF0C3C67FBD07370ABF5A6CD51D7FBDD0BBD851FAD37673AFF7BA10604210804EFC9B7DEE9FCBC5F184D04EFC9B7DEE9FCBC5F18416331C302EDDA39E96F63234161DC12B1C1ECBF267345F914072E22E15692DDA32BAC6D76BA02D3CA0E7EA5655082B3F611857884DE983AE83891857FE5F37A60EBAB30841594E23616E2137A61EBA49C44C2DC426F4C3D75671082B01C41C2DC426F4C3D748393FC2DC426F4C3D75689082AD1C9E616E2337FA5D7582A710B09B0674948F8C6ACE7BA1636FBD72F56B17131BE28DD4F9B23831B9EDED8EABE941587B12ADE07FD6A6FEE2EB62CD057D14AF9994ED797C4E8483514EDB07169B821E74F6A345AC74A94C5051F0EDF3249C1D49C304114E30609ADAA91B21A66C599188835B514EE160E73AF72F16FB56B6E582E60C53ACE0BFD6A6FEE2998E0CA4E18241C1B483FDF04112D362461192FB1D33E4B6BCC742FB786CF5B4DC40C2BC4A6F433ACA78C458A16BA6113B3EED6DEDB9627A53C1055A6E22E15E2337A19D6591B893857884FE88FACAD0A1056CC1D88784A42E0EA77419A2E0CA1D677237630ED3E1B2E947939AED370CD5A34550D3EA558142080064EAB08D4DBEE1FF00139A0728D874EEEEEEAD7A9C9ED73585CD8F39CD04E6B766CE7FE16831800F85D6561D082B0F617851C6DB42A2E74691181E725DA14F793EC00EA1A1869E420BC67492D8DC07BDC5C403BB6B81E64E34201084201084206D651FB9B59E20F88283306BAD4E3C67FBD4E7947EE6D5F883E36A81E8CDA003F13BDE839384DFAD709E75FEF742EB6127EB5C83BBFBDD0810842CDB5FF1339EDF9A0C29DF936FBDD3F968BE309AC29FF1339E3427464F1C1B550389D0D9A3248B9166B81245B5A0B4C85C6ECA28F853EAA61FD294319A8F8768F0870F7841D742E4764F43BB5508F1A5637DE52D98C9427556539E41530DFE241D442D786BA27FD8958FF15ED77B8AD84099240D05CE360D0493BC0692571DF8CF4C375C79430FCD798DF2BDB4CECC63A4BB9A1ED65B3F32FA6C0EBDC4CC64F1102F0D50DF1B5A4EA2078765B4DBEEE68E95C6C6AC6264B0EC7038B5C4DC921A066D8E8D37DF5CAD922E06ABD9E4EAAC73089C2C61AAF677F550369D149C2FC3D090764E14FF002F42701A58382ABF677F517869A0E0AAFD99FD440DEFACE10FF2F42588A43FEF3E15DC34F4FC1567B33FA8BCD829F82ACF667F51075312B0B8A7CF1338B810336C186C6FA6F64EAECBA977DDCD1D298B0BA06EA86AFCF4CFEA2CBB6A1E06ABD9A4EAA07C371A698EEB872962EBD34ED91AD7B0E735C2E0E9170A2D9ABA203443544EE0DAEFF9B53EB136473A9585CC747A5F663ED9C1B9C48BDBC283B88421008421008421008421008421071F1BE8B66A49E107376468683AC03716BF22872A7102AB53258DBBE33E4B1FE453C4C2ED235DF428E708623CEE7BDECC275518712E0C124658DB9BD80CDD4104793E4F2AF8485DE73F362D1764FEAC703E91D5521498895BB985AA3CE633F25ACFC44AFF00F9ACDE86208FDD88557FF47D23A890711EA774C3E9FF00F09FE7106B8EBC272FA188193BAB3AF094E7C05810309B8973EEBE1FCFA89C38A38BEF8AA698B9CD36963366DC927387205DF6E4D673AF08549F048C1F24E8C4CC587513CB8CB25467DB4CCE0F73373B436D1AF48E440F9CD1BCBCCC1BC3D09484083137BD1E80B1BE9223AD8C3E16B5675C7C6CACD8E9DE01B3A6FA96EFF6D7CE23943438F98208D31C71898DCDD8E083EB5CF746D34D0C84D3B3F88E791A4E7339DC89A2CC6C70168DAD8DC0BB3B606360710036D9BB1CC2FF00C7A46F81B86F8F18EA9D2D44A5A1D68ED04766C85B665F3CE816FB45C3FCA171656BB344C338D81B59B359C0EA049D42F6F42A1DD49949AD632CC9B3AE4697B04E1A09D19FB24C5C0DB9759595D952AEBD84CC02D717869C075CD866BB64B1DDD164D07D3BDAE68B3FEBAD9C3EBB4581CE75EFAF4016D76B249A77E88ECFD45D1901E1C083CAEB59A336C81D6FCA7E10B3BEBC0233866886943EED274D8DEE357A0EF8584E51F09F69FE2F77EB1C23A1CDFB373FC1DAE9DF4DE10CD7CFCD707B6E069766B9A3EC875E4D1B87A52840F1A035C5AFB6C8D739D6D5DB16FD6EE9DF40E06E51709DDC0D51DCCC059437B9074DF63B158E3CA46152C076D02ED04DA2A31604DB4B732EB8629E43A0EC9668BB1E1FF581D73AFEB6D6B68D1A6C4EA4999B2343A421C080EB80E7E6BDA3ECDED35C6EEAD59C75A81C2ECA2613CEFBD76A41D39B416B836FB5B1FE4525D943C299AEB551CF69768D8A84E869EF763B9D1BCB80E666EBB96120B85DFDA8235340974F6DBFBE4A548C2C3DB39CECDCD6B256979739EE22E1C0CBAAF6BDAD7D3AAC10384E51309D98455036B67F6943A4DAF6D31F6A5618F295850CA5BB6466DAE06C543C9FC59962B87552665DEE2E009D2E6B5FA4DB784FBC3F25A95744E32C6E2339AF01B7767EBB38D880F73B706EA0763328F84F365FF102EC360763A1B0D008BF69A7CCBCA3CA961531E7999A736F7FABA669DD3F67353684524723E38A30E0E0D26CE95A05C96DEF9DA356BBAC381A179134603AEC2096B44848FE123B570DEF3D903C8653B0A0CC6999A4BEC01CCA4EDB46BB5B46A283952C29DB01232ED03ED0A5B69DDB86D93565A595B134B9B237611724B2602CD3AEF7B0D17D36D1E658B094273DAED8DEFCFD01BF580DCF6C2C6E7703B42A267C9263E4F840D44157B1EC9086C8C746C2CCF8C92D75C5C8B836D5BEA49556B11EB36B612A7D943E064CE113ECE7B1CD649A0383B5FDA034AB18CC112B4F6B53216F7AF739CEE79375075A699AC697BDC18D68BB9CE21AD68DF24E8014778572CB83A22E6B1B34E5A734398D8DB1BEDBA1CE7036F3268E5568AB1D50E6C8F96681B9A6363EFB130E68BE868B38DEE7388BE9B28F8C0D1AE300F201F2412E332DF11B9DA32E6EE1123493E6CDB7E6BBF8BB957C1B54E6C4E73E92471B35B52D6B18E3BC24692DF490543383F09163431CD6BD83500D6B1EDF0380D3E7F4AE661BA96C80864649DC25A1A4A0B68851BE43B09554942E8EA8E7085FB1D339C739FB106839A4EE869D00F9B7149083C2120C437964420C7B0B7791B10DE0B221063D886F2F7621BC968408D8C6F2F430252100842100A3BCB160E33C54E36530B58F73B38E788CB88B59CE6825BBB6245B5DC8522244D135C0B5C0381D608B841593E81887DAABA71E1AA8CFB894B181A9F76B29FD6B8FB9AAC41C5FA4E023E604763D49C5E3E60415DFE88A5DDACA7E74C7DD1AF460AA4E3707FF0023FB4AC3F63D49C5E3E604763D49C5E3E6350579FA36938DC1CDAA3FF651F47D1F1B879959FD9561BB1EA4E2F1F3023B1EA4E2F1F3020AF3B428F8DC3EAEB7FB0834145C6E2F575BFD8561BB1FA4E2F1F3023B1FA4E2F1F3020806A0533C66BAB2122E0D84154DD2010348A7DE256B8A0A2E3717ABACFECAB0DD8FD27178F98D4763D49C5E3E60415EB68D171B8BD5D67F65787075171B8BD5D5FF0065586EC7A938BC7CC0BCEC76938BC7CC082BCFD1945C6E1E6557F690DC19460822B2116D2344E3DF1AB0DD8ED1F178F9811D8ED1F178F98D415F1F414C7FE360E4FB43FEDA41C194FB9594DE7701EF62B0DD8ED1F178F98D4763B47C5E3E63505778317227C8DCDAA8DC4B858424CB25EFFC2C68B5FC361CAACC535F3197D79A2F7D77B2D4A5C0D4D11CE8E1630EF868056FA0C53D3B1E2CF6870DE22E9B785310E8E6B9CCCD27780213A508234AAC9242EFB3216F8090B523C8B404DDF53211BC14AC841C4C5AC5A8A8A311445C5ADD59C6E576D0840210840210840210840210840210840210840210840210840210840210840210840210840210840210840210840210840210840210841FFFD9',
   'JPEG',
   'system',CURRENT_TIMESTAMP,'system',CURRENT_TIMESTAMP);
INSERT INTO `calordersdb`.`PRODUCT`(`VND_UID_FK`,`PRD_SKU`,`PRD_NAME`,`PRD_CATEGORY_CD`,
   `PRD_SHORT_DESC`,
   `PRD_LONG_DESC`,
   `PRD_PRICE`, `PRD_ACTIVE_IND`,`PRD_CNTR_LN_ITM`,`PRD_OEM_PART_NUM`,
   `PRD_OEM_NAME`,`PRD_CNTR_UNIT_PRICE`,`PRD_CNTR_DISCOUNT`,`PRD_UNIT_CD`, 
   `PRD_IMG_IMAGE`,
   `PRD_IMG_TYPE_CD`,
   `CREATE_USER_ID`,`CREATE_TS`,`UPDATE_USER_ID`,`UPDATE_TS`) 
   VALUES(
   (SELECT VND_UID FROM calordersdb.VENDOR where VND_NAME='The Tech Group'),
   '370-ACLY','Precision 15 3000 Series (3510)','LAPT',
   'Quad Core 2.30GHz, 3.20GHz Turbo, 6MB 35W, w/Intel HD Graphics 530',
   'Quad Core 2.30GHz, 3.20GHz Turbo, 6MB 35W, w/Intel HD Graphics 530, 8GB (2x4GB) 2133MHz DDR4 Non-ECC',
   1030.00,1,'1002c','370-ACLY','DELL',988.40,32,'EACH', 
   x'FFD8FFE000104A46494600010100000100010000FFDB008400090607080706090807080A0A090B0D160F0D0C0C0D1B14151016201D2222201D1F1F2428342C242631271F1F2D3D2D3135373A3A3A232B3F443F384334393A37010A0A0A0D0C0D1A0F0F1A37251F253737373737373737373737373737373737373737373737373737373737373737373737373737373737373737373737373737FFC0001108005D009F03012200021101031101FFC4001C0000010501010100000000000000000000000203040507060108FFC4004310000103020303060A060905000000000001000203041105062107123113225181A1B1153233416162717291C114234552C2D14253738292A2B2D2F03443446483FFC4001A010100030101010000000000000000000000030405020601FFC4002611000202010303040301000000000000000001020304111251052142314152916181F015FFDA000C03010002110311003F00DC5084200421080108420042108017299BB39372FD5C749152B6795CCDF797CBB8D602481E6373A15D5AC533155F84B34623520DD8C90B1BD166F3411FC24F5AEEB86F9289C593D91722FDDB4CAB3E250520F6CA4A8D26D271927EA69B0E03D2D7BBB9C173EDB952182C15B586B9294B39AF12CCED0730907EAE947B94AFF9B8A664CF7991C39B2B19ECA5FCD41726240BA5851E48DF50970487E75CD2EE38948DF4369A3FEC51A5CDB99DFF0069D575358DF904CBDBA28EF0A68E056FDD95A7D56D5E890A9B306669B8E3188B7D0D9C37B94476218FBC92EC5F13713F7ABE43F893D6B249E3A293FCFABF240FABDEFD97F7EC8B21C664F1B10A83EF553CA67026E2B559968E8B0EAD9E3AC95F235B232575ECD6389D6FE85605FB913DEEE0D04AB6D8A501ABCE3555CF00B6868C807A1F23BFB5AEF8AA5994574E8A268F4ECABB23739FA23734210A91A608421002108400842101031FC4061582D6D71D4C10B9CD1D2EB734759B058961EC221DE2492E3C4F1D34F976AD136B75C60CBF051B357555437787AACE77F5067C5705034470B197F15A02B9870D64D94B367A454791C02C941DE6482EBA015A06631C4DBF82F4B9352BF45DC510CD8D48E519C75BA5BDDAEA54691F73E85344A93EE29EFBF0481A948075B25DECBB216867157F2744E17D5C43568FB09A0E4B2CD6624F680FAEAB76E9E98D803476EF2CA330CE5B0068E2D69775F997D0B91F0CF03E51C26837775D152B0BC743C8DE77692B0F3A7BAE6B83D374BAF663A7CF72F10842A6688210840084210021083C10191ED4EBFE9399E9A8C3B9949102E1D0E7738F6067C573CD9942C6712F09E60AFAF06ED9667161F56F66FF00286A4C72AD6C38695EBC98F9B66B6E9C1661FE75EF28A0F2DA20CDA2B3B4A4E44B925D13065BF12A3996E9A73976911498EC925CDBCC9A71B84904B8D825B80DDB0E3D2A445793EE2186E12C76A6580EF689EB8630B8F002E57D3E35DC834947E19CD187E1D62E6CF571C6F1EA03777602BE9C1C34582EC7684D7E78FA5BC5DB454CF96FE6DF7F3476172DE979BB25BE4E5C9EBEA86C828F008421704808421002108400A8F3BE23E0ACA989D5B5DBAF1096467A1EEE6B7B48578B31DB9E27C86158761AC759D5333A578F5582DDEE07A90195D310076852448AA9953BB6B01A274560FBBDAB62BCAA63151D4C5B312F949CB4F52CC4ABDE51570AD6FDD3F14A15B1F9C3BB148B2A97E442F12FF8960D7EA94752A14951C98FAC8A56746FB2C93F4E888D5C4752ED64D3F24432C4BFE2CB0DE00582F59A95005753F9E4FE529F6D7D2868FAE1D60AED5F53F25F6412C5B9783FA2616807451B127F274321E9E68EB5EB6BA908FF00511F59B2AEC72B629218DB148D7804B9DBA6FC3FC2A3C8BA0AA934C93131EC95F1528BD35354D83D07278462789386B535222693F7583F3715A8AE6F67387782F256134EE167BA012BFDE7F38F7AE91609EA48B3625410797ADA68EDF7E668F9AAE9B3865981C5B3661C258E1FA26B63BFC2EB3FC7764ED1239F83D600D249E4AA69C3FA839A5B6F815C8CBB3ECD10DEF82D1CBFB2980EF0101B33F3DE556FDBB46EF71FBDDC9876D132B0D1B8939E7D5A794FE158ABF2B66280F3F2DD48F4C7235DDC546928B16A6F2B83626CB7FD72E080DBDDB45CBE3C592A1FEC848EFB268ED1F0826D1D356B8F416347E25881AFA883CAD34F1FED69DC12E2CC6D8F42D80FA0B5C101B59DA1531D5987545BA5CE007F9EC598ED2AB2A7316331D7F27C9C31C0D8A389B25EDA924F01A9B8F8055F0E6B899FF0E177A5B36EFC92EA733D2D4B2C691CD36B5C481C80E59D4933491CA483DA1A523E8F51C44EEEB8C7E6ADE5AEA579D2391BD43F34D72F4E4875DD61D2D364057086A40F1D874BF39842393AA1FAA3FC43E4ACEA1F1D36E899CE6978DE1CDB92130EAE809B06BADE80808B24D5D20024772806A03A627BD365D503FD9F848D52CD530DC358EB1D353648326F5CEE8E1D17280885F3FEA1DD4415E72927E94128FDC2A478C1D78C8D34BEE8BF6A7238627B5BAB8BC8F1449C0F504040150D26DADFD214CC2298E278BD0E1F1DF7AAAA19170E93AF62B0A7C0C4B2C6D830F9A4739C069148EBDFD2341AF9CAD1F23ECF2BE833361D8B56414F053D3091CE8C3EEF2F22CDE02DD278A035E8D8D8A36C6C166B406B4740094BC057A8017960BD420125AD3C5A3E092618CF1604E2100C3A8E9DFE344D3D4A2CD81E1B3F95A385DEF30156284073B519272ED45F94C268CFFE2D55F3ECCF2BCBF6644CF7096F715D921019DCFB20CB525CB229E33EA4EEFCD409F63385BBC8D75747FBCD3DE16A6840654363948F2DFA4E295D36E8B0DE2DD074705320D8FE04CF28EA893DB25BB82D25080E1E0D96E5A8B8D217FBD2B8FCD4F8767F96A2B5B0AA63EF303BBD752840534195B04A7F258652B7D90B47C94E8F0EA4887D5C0C6FB02968403429E21C18DF8271AD6B7C5002F50801084203FFD9',
   'JPEG',
   'system',CURRENT_TIMESTAMP,'system',CURRENT_TIMESTAMP);
INSERT INTO `calordersdb`.`PRODUCT`(`VND_UID_FK`,`PRD_SKU`,`PRD_NAME`,`PRD_CATEGORY_CD`,
   `PRD_SHORT_DESC`,
   `PRD_LONG_DESC`,
   `PRD_PRICE`, `PRD_ACTIVE_IND`,`PRD_CNTR_LN_ITM`,`PRD_OEM_PART_NUM`,
   `PRD_OEM_NAME`,`PRD_CNTR_UNIT_PRICE`,`PRD_CNTR_DISCOUNT`,`PRD_UNIT_CD`, 
   `PRD_IMG_IMAGE`,
   `PRD_IMG_TYPE_CD`,
   `CREATE_USER_ID`,`CREATE_TS`,`UPDATE_USER_ID`,`UPDATE_TS`) 
   VALUES(
   (SELECT VND_UID FROM calordersdb.VENDOR where VND_NAME='The Tech Group'),
   '490-BCYL','Microsoft Word 2000',
   'OFFC','Microsoft Word 2000 Professional Edition',
   'Microsoft Word 2000 Professional Edition',
   110.00,1,'1003c','490-BCYL','DELL',
   74.80,32,'EACH', 
   x'FFD8FFE000104A46494600010101006000600000FFDB0043000A07070907060A0908090B0B0A0C0F19100F0E0E0F1E161712192420262523202322282D3930282A362B2223324432363B3D4040402630464B453E4A393F403DFFDB0043010B0B0B0F0D0F1D10101D3D2923293D3D3D3D3D3D3D3D3D3D3D3D3D3D3D3D3D3D3D3D3D3D3D3D3D3D3D3D3D3D3D3D3D3D3D3D3D3D3D3D3D3D3D3D3D3D3D3D3D3DFFC000110800A400ED03012200021101031101FFC4001F0000010501010101010100000000000000000102030405060708090A0BFFC400B5100002010303020403050504040000017D01020300041105122131410613516107227114328191A1082342B1C11552D1F02433627282090A161718191A25262728292A3435363738393A434445464748494A535455565758595A636465666768696A737475767778797A838485868788898A92939495969798999AA2A3A4A5A6A7A8A9AAB2B3B4B5B6B7B8B9BAC2C3C4C5C6C7C8C9CAD2D3D4D5D6D7D8D9DAE1E2E3E4E5E6E7E8E9EAF1F2F3F4F5F6F7F8F9FAFFC4001F0100030101010101010101010000000000000102030405060708090A0BFFC400B51100020102040403040705040400010277000102031104052131061241510761711322328108144291A1B1C109233352F0156272D10A162434E125F11718191A262728292A35363738393A434445464748494A535455565758595A636465666768696A737475767778797A82838485868788898A92939495969798999AA2A3A4A5A6A7A8A9AAB2B3B4B5B6B7B8B9BAC2C3C4C5C6C7C8C9CAD2D3D4D5D6D7D8D9DAE2E3E4E5E6E7E8E9EAF2F3F4F5F6F7F8F9FAFFDA000C03010002110311003F00F65A29296800A292968003499A0D723E2AD7F54B2BA6874C554862C79D36CDE5588C8183D0631CE39E7D2803AECD15E4B36BDABCED99355BB1EA236083F4154E59E7B8FF005F77752FFD74998FF5A00F639678A0199A58E31EACC05519BC45A45BFF00ACD4ED01F412827F4AF23FB3C47AC687EA334F5545FBA00FC2803D35FC69A1274BF0FF00F5CE376FE42AAC9F103495FF005715E4BEEB0E3F9915E7C54F5A69745FBCEA3EA450077127C44847FA9D3A76FF007E455FE59AAB2FC42BC6FF0053A7DBA7FBF216FE40571A6F6DD7FE5BA7E1CD34DFC5D848DFEEA1AA5172D95C994A31F89D8EA64F1CEB2E7E51691FFBB193FCCD323F1A6B218334B0381D9A11FD2B9737C3B42F8F5240A68BD91CE1224CF61BB3FC856AB0D55FD96632C5D08EF35FD7A1E89A7F8F6362135183613FC70F23F1079AE8ACB5AD3F50C7D96EE2763FC39DADF91E6BC8A2B4D5AE4E60B298FA6C8188FCCD5E8BC31E239C7FC7AC883D58C69FCE9FD566BE2B2F5685F5BA6FE1BBF44CF5D2714579F69DA0F8C6DC2ECD5921551F7249BCC03F0DA6BA4B7D4B50D35A28B5C103A48428BCB70422B1E00753F772780DD33E9594E1C8F74FD0D61539FA35EA6E8A5A414541A0B45252D0014514500145252D00145252D00252D252D00252D252D0021AE57C57E1E7D4229AEAC67305D0C03962030C7A8E9FCABABAA9763304FF00415509B83BA33AB4A3515A478DCFA3EBB6ACD9B79D9477451203F97355FCBD54100C4E39E435B366BD4E1273D6B56DDDB0BF31AD956A7F6A0BF1465EC6A2F86A3FC19E4434CD627900B7B5BA2A47F05B31FD48AB71783BC4171FF2EB72A0FF007E4541FCEBD75BA5349A7EDE0BE1A6BE7764FD5EA3F8AA3F9591E5F17C37D564E666B78FFDF9998FE82B420F860C3066D4215F64809FD49AEFC71451F5A9AF8525E890FEA74DFC4DBF56CE461F873A7460196F2EDCFA2ED51FCAAEC3E07D0A3E5AD2494FAC92B1FEB5D01A2A5E26B3FB4CA8E1284768A3361F0F68F6F8F2F4CB4C8EED1063FAD5F8E28E1188A3441FECA81FCA9D4564E5296EEE6CA118FC2AC049EE4D21C76A290D4941D6993471DC42F0CC8248A4528EA7A303C114ECD2134010E85249F616B7B872F2DA48D6ECEDD582FDD63EE54A9AD2ACAD3BFE431A90EC7C993F1298FF00D96B56800A5A4A5A0028A28A004A5A4A5A004A5A4A5A0028A4A5A004A5A4A5A004355EE07EEA5FF72AC1A8661C37BA1A00C18783F8D6A5B7F0D6545C356A5B1E940179BA5329EDD29940052514500069283450025191487AD14006452134D638A8A49428E4D003CB0A66F1EB54E5BD45CFCC3F3AA8DA92E7EF7EB401A7A61DDABEA07D1201FF008E93FD6B5AB0BC3B2FDA2EF52933FC712FE518FF001ADDA002969296800A28A2800A29296800A2929680128A5A280128A5A28012A297AFD55AA6A8A5FBCBF423F4A00E75387C569DB1E33E95987899BEA6B46D791401A47EE03ED51D49FF002CC54740052668A4A0009A334945000734D270294D666B5ABDB6916525C5D48111077EA7D85004B79791DBC659D8003B9AE3AFBC5C6EAE8DAE9704D7D71FF3CE04DC47D7B0FC6AD59F87753F17482EF58796C34C3CC76A8C565947AB1FE11EDD7E95DB69DA5D9E936AB6DA7DB456F0AFF0C6B8CFB9F53F5A00E120F0E78A7523BE7FB269EA4F01D8C8D8FA2F1FAD5F8FC0779B479BAD7CDDF65B81FCCD76A46290D0073FA4E87A8E8893AC17F15C79D20908962DB8F942E320FB5697F684D6FF00F1FB6ACABFF3D223BD47D475156CD1400B0CD1CF12C913ABA1E854E6A4ACD96CDA2633D9308A6CE597F824FA8FEB56ACEF16EE324029221C3A1EAA6802C52D145002514B4500252D14500252D252D00252D252D0021A8E4FBC9F5A96A393A2FB30A00E7A5E2E9C7FB46AF5A9E2A95DF17F20FF0068D5BB53401A43FD4D34D394E60CD333400536973494001A2909A33ED4015EFAF61D3ED24B9B96D9146A598D63687A3BEB5769AE6B311C039B2B47E912F69187773D47A0F7E8F922FF00848BC402D89DDA769CC1A7C7DD9A5EA17DC0EA7FFAF5D481CD002F4A28A09A00434D34A4FB534D002521A5CE29B9A004354EF336D2ADEC4992831281FC49DFF2EB5709A4201041FBA7823DA8027475911594E558641F514EAA1A49290CB6CC726DE42833FDDEA3F4357E800A5A4A5A004A5A4A5A0028A4A2800A5A4A28016A397FD59FA8A92A397FD537D280302FC635193EB562D4D43AA71A81F714FB53401AC9FF001EF4CEF4E8FF00E3DA984F340053734B9A6934001355354BE1A6E993DD1CEE8D7E403BB1E055ACD63EB04DDEA9A569FD5649FCC7F75419E7F2A00D4F0F69DFD99A443138FDFBFEF263EAEDC9FCBA7E15A7451400B4D34B591AFDF3DADA6C84B0924C723A81D3F5A695C1BB14F57F1525993159A2CD20EAE4FCABFE35CFFF00C263ABF999DD1E3D3CB18ACBD72F63D2AD55E55324CE7091838DDEA49EC2B91FF84B2EE2B8CCD040D16794452180F6352EA422EC67CCEE7B568FACFF00685BA1994248C33C7435A64D717A6CEADA7D9CB6E7E59154A30F43D2BADB498DD5A432E306440D8A6684A4D1BB1546EF58B0B03FE95731AB7F701DCDF90AC3BAF1CDBC648B4B5964F4323051F90C9ADA9E1EAD4F8627355C650A3F1C91D0DA9DBAD5CA8E92431BFE20915A75CAF85F579B5AD4AE279A38D0471045099E99CF35D48A8A94DD3938CB746B46A46AC14E3B31D4525150682D1494B4005149450014668A4A005269927FAA7FF74D3A9A79057D41A00C3D57FE3F81FF006452DB1A4D5389A33EA829B6C7A5006CC4736E7DAA33D69D01FDC35464F3400669B4134C9A68E189A4964548D065998F00500DDB5638FE55CE58EA76DA9FC448A1B77F356DAD2562E3A672A38F5EBD6B1BC41E2893510D6F680C36BD0F3F349F5F6F6ACFF014FE4FC40456CFEF6D2441F9AB7FECA6BB9E09D3A2EA54DFB1E6C7308D4AEA953DBBFF0091EBD476A41476AE13D210D739E22CFDAE3CFDDF971F4E7FAD7444D666B167F6BB626319953900771E949EC0CF26F1CB3C7796F2E0F9663D80F60C0927F98AE342CB7570891296763855EEC7D3FF00AFD857A8EA71A4AAF05CC21D49E55D723F2F5ACAB2B0B3B563F64B68E266C8CA2618FB7AD61ECBDEB91C9A9D1E9902D868F616E7A410AE5BD9475FCEB2AE75FBF9A05B759DA2B741B5523F9723DC8E4D5ABCBA3F66FB25AAEF2542C92765F6CD518B4C67FBC49F65E07E75EB51AD85C1C3DA62A4937B27BFADB73C6CC6AD4AD254A86CB77D3D2E67F279ED4F5825907CB1B11EB8E3F3ADB8B4D44C70ABFA9FCCD5810449CB127DC9AE1C4717D18BE5C3D3727E7A7F99C10CB9FDB97DC6AF80AD8C36B77230F999C0F6AEBAB2B41B5169A544A4619FF78463A67FFAD8AD3CD54EA4AA49CE5BB3E9E8D354A9C60BA21F40A6E694549A0EA29296801283450680129334B4D3400A4D27419A4CD19C52031755EB01FF0066A3B63D29DA84CB344BB3931BC91B7B10D515B1E4537A6824D35746CDB9FDDC83DAA33C53ED0F0E3DAB3757D66DF488774E732B0CC7103CB7F80F7A718CA6F962AEC99D48D38B949D9226BCBE834EB56B8BB7DB18E807573E83D4D79F6B7AFDC6B137CFF25BA1F9220781EE7D4D437FA8DDEB57BBE625DFF8235FBA83DBD07BD3ADED421CE03C9FDE23E51F41DFF957A33961F2C87B5C43F7BA2EBF2FF33C0C4626AE35F253D21FD7F562BC3685C07941443CA803E66FA0F4F7A6C537F63788B4ED470238A1986F00FF0009F9589FC0D6BAA04CB1F998F5279CD65EB3109E02A4718AF96C4E7D5F17592F861DBFCFB9B61A8C2834E3BF73D90118E0E45216AE53E1FEBE355D105A4EDFE996588DC13CB27F0B7E5C1F715BBAA6AF69A543E65D49827EEA0E59BE82BD6A77A96E5D6E7B32A918C79E4EC8B7248B1A17760A8BC9663803EB5C76B7E3324B41A5600E867239FF00808FEB593ABEB979AECBB30C96E0E444A781EEC7FC6AB5BD829C6FF9CFA91F2FFF005EBB6A3C2E5F1F698C96BD23BFF5F91E257C756C4BE4C3691EFF00D7FC391C53DE4FC79A5D7FBD28DC3F3356E3B6765C13C1EA36851F90EBF8D5858D53049DC7DFB50D28AF97CC388EAD7935878A82EFD7EFE9F2FBC2953708F2CA4DFCDDBEE15208D48C8E474F6A93CC0BD2AB34DEF5134D5F3B273A8F9A4EECD6E5A69BDEAF69165F6D9D4C9FEABA91EC3FC4F1F9D655B4725E4E2287392796EC2BB1D3AD92CAD846A771FE263DCD7B194E039A7EDA6B45B7AFFC03AB0F49C9F3BD8D20DDA9E0D42A6A55E95F4C778F069E29829E28016969052D002521A5C50680186909A71A61A004CD30B75A71A89F806A5B11C3F89E7B9D2F5396EAD9F2AF21F3232320F4E692CBC5D6471F6849A261D940606A7F172863260FFCB4078FF7457262242C0B42AC7D54EDA8A799E1EEE9E2534D689AEDE67953F6B4652745E8DECFF43B293C6D12ABA5842CD21538797803F0AE56459EFA66BABD95BF78725DB967FF00747F91566C204FB47CB02E769F99DB763F0E94E11E1CB39DCC7A93CD2C467F86C345C7071BC9F57FD7F91C93A756BCAF88969D90D8A2F93685D91FA03CB7D4F7A9F21460546D276A89A6AF92AD5EAE226EA55776CDD592B2D895E4E2A9DD10EA452BCB55A5929423662B946D6FEE743D5A3BEB16DB2A1E41E8EBDD4FB1AE8629E3D695EF56792E093F3A337EF23CF66F6F42383EDD2B9CB801C9AA0259EC6E16E2D6678665E8C8706BDDC1E36B518B852766FADAE692A70AE946A2BD8EFD6254C7603A28E8295A5C74AE5ED3C644809A95A9CFFCF5838FCD4F1F9115B16F796F7E375ADDC0FF00ECBBEC6FC8D7955F018B94DCEA5E57EBBFFC12DD09C568B42E34D50BCD51B43273992DC0FF00AEE9FE3491DB090FFAF0FDB6C0A5CFF41FAD4432FAEF6832552A8F64234DEA78A9ED6C65BC20925233FC47A9FA55FB2D10B383E5AA7A3CCC1DBF21C0AE82D74C863C6E6676F7AF4F0D9524F9AABF91D14F0BADE641A75A476D18485703B9F5AD78A334B1C68980AA05585FA57B6AC9591DDE822A62A402814E14C05029C2929C050028A5A4A5A004A0D2D211400D34C34F229A4526046DD2AB4CC715688A8244CD4B1338BF14121246F753FA62B9B8A41BABD0758D2D6FA068D875E98AE06F74DBBD2A43E742E62CF1228CAE3DFD2BC5C66164E4E715738ABD37BA2FD8BFFA50C7A5412CBFBC22ABD95EC22E97F7D164F6DE2942CB732B7D9A09661BB1945E3F335E5470F5252B28B391464F642B4B50B499CF3D2B4ADFC37A85C64CCF1DB83D80DEDFD056A5B784ED11835C6EB861DE4391FF007CF4AEEA797CDFC4EC6B1C34DEFA1C9894C8FB630D231FE18C6E3FA55A8744D42E39F29631FF004D0E4FE43FC6BB98B4F8E140A912AA8E800C0A97ECF8ED5DB4F054E3BEA6F1C3416FA9C6278538FDF4ACE7B81F28A997C2F028E100AEB0DBE7B528B7F6AED843955968744524AC8E557C2F6A7EF266AC43E13B03826D63241FE25CD74F1DB0EF53AC4076AD7528C4B6D02CE1036DBC431E88056847648BC05ABC2314E094ACC0AEB08E38A9910AD4AA94F094D204357B54CB4D099A785C5594385385340A70A631C29C29053A98052D20A5A004A28A28010D181E9451400D2A3D29A547A51454B02195149E9503C11B9F9941A28ACD92559349B1670E6D202C3F8BCB19FE54F16F1A70A800FA514543258BE5267A5288D7D28A28403822FA52EC5F4A28AA431A517D29C88A7B51455A0449B17D29C117D28A298C76C5F4A50A3D28A2801C147A53828F4A28A631DB47A53B68C74A28A00028F4A5C0F4A28A631703D2968A29800A5A28A00FFFD9',
   'JPEG',
   'system',CURRENT_TIMESTAMP,'system',CURRENT_TIMESTAMP);
   
   -- Related services
INSERT INTO `calordersdb`.`PRD_REL_SERVICE`(`PRS_NAME`,`PRS_DESC`, `PRS_PRICE`, `PRS_ACTIVE_IND`,
	`CREATE_USER_ID`,`CREATE_TS`,`UPDATE_USER_ID`,`UPDATE_TS`) 
	VALUES('4 Year Basic Hardware Service with 4 Year NBD on-site',
    '4 Year Basic Hardware Service with 4 Year NBD on-site',
    388.00,1,
    'system',CURRENT_TIMESTAMP,'system',CURRENT_TIMESTAMP);
INSERT INTO `calordersdb`.`PRD_REL_SERVICE`(`PRS_NAME`,`PRS_DESC`, `PRS_PRICE`, `PRS_ACTIVE_IND`,
	`CREATE_USER_ID`,`CREATE_TS`,`UPDATE_USER_ID`,`UPDATE_TS`) 
	VALUES('5 Year Basic Hardware Service with NBD on-site',
    '5 Year Basic Hardware Service with NBD on-site',
    458.00,1,
    'system',CURRENT_TIMESTAMP,'system',CURRENT_TIMESTAMP);

-- Tie the related services to all of the desktops/laptops
INSERT INTO `calordersdb`.`RELATED_SERVICE`(`PRD_UID_FK`, `PRS_UID_FK`,
	`CREATE_USER_ID`,`CREATE_TS`,`UPDATE_USER_ID`,`UPDATE_TS`)
VALUES(
	(SELECT PRD_UID FROM PRODUCT WHERE PRD_SKU='210-AFXK'),
    (SELECT PRS_UID FROM PRD_REL_SERVICE WHERE PRS_NAME='4 Year Basic Hardware Service with 4 Year NBD on-site'),
	'system',CURRENT_TIMESTAMP,'system',CURRENT_TIMESTAMP);
	
INSERT INTO `calordersdb`.`RELATED_SERVICE`(`PRD_UID_FK`, `PRS_UID_FK`,
	`CREATE_USER_ID`,`CREATE_TS`,`UPDATE_USER_ID`,`UPDATE_TS`)
VALUES(
	(SELECT PRD_UID FROM PRODUCT WHERE PRD_SKU='210-AFXK'),
    (SELECT PRS_UID FROM PRD_REL_SERVICE WHERE PRS_NAME='5 Year Basic Hardware Service with NBD on-site'),
	'system',CURRENT_TIMESTAMP,'system',CURRENT_TIMESTAMP);
	
    	
INSERT INTO `calordersdb`.`RELATED_SERVICE`(`PRD_UID_FK`, `PRS_UID_FK`,
	`CREATE_USER_ID`,`CREATE_TS`,`UPDATE_USER_ID`,`UPDATE_TS`)
VALUES(
	(SELECT PRD_UID FROM PRODUCT WHERE PRD_SKU='210-AFXL'),
    (SELECT PRS_UID FROM PRD_REL_SERVICE WHERE PRS_NAME='4 Year Basic Hardware Service with 4 Year NBD on-site'),
	'system',CURRENT_TIMESTAMP,'system',CURRENT_TIMESTAMP);
	
INSERT INTO `calordersdb`.`RELATED_SERVICE`(`PRD_UID_FK`, `PRS_UID_FK`,
	`CREATE_USER_ID`,`CREATE_TS`,`UPDATE_USER_ID`,`UPDATE_TS`)
VALUES(
	(SELECT PRD_UID FROM PRODUCT WHERE PRD_SKU='210-AFXL'),
    (SELECT PRS_UID FROM PRD_REL_SERVICE WHERE PRS_NAME='5 Year Basic Hardware Service with NBD on-site'),
	'system',CURRENT_TIMESTAMP,'system',CURRENT_TIMESTAMP);
    
INSERT INTO `calordersdb`.`RELATED_SERVICE`(`PRD_UID_FK`, `PRS_UID_FK`,
	`CREATE_USER_ID`,`CREATE_TS`,`UPDATE_USER_ID`,`UPDATE_TS`)
VALUES(
	(SELECT PRD_UID FROM PRODUCT WHERE PRD_SKU='210-AFXJ'),
    (SELECT PRS_UID FROM PRD_REL_SERVICE WHERE PRS_NAME='4 Year Basic Hardware Service with 4 Year NBD on-site'),
	'system',CURRENT_TIMESTAMP,'system',CURRENT_TIMESTAMP);
	
INSERT INTO `calordersdb`.`RELATED_SERVICE`(`PRD_UID_FK`, `PRS_UID_FK`,
	`CREATE_USER_ID`,`CREATE_TS`,`UPDATE_USER_ID`,`UPDATE_TS`)
VALUES(
	(SELECT PRD_UID FROM PRODUCT WHERE PRD_SKU='210-AFXJ'),
    (SELECT PRS_UID FROM PRD_REL_SERVICE WHERE PRS_NAME='5 Year Basic Hardware Service with NBD on-site'),
	'system',CURRENT_TIMESTAMP,'system',CURRENT_TIMESTAMP);
    
INSERT INTO `calordersdb`.`RELATED_SERVICE`(`PRD_UID_FK`, `PRS_UID_FK`,
	`CREATE_USER_ID`,`CREATE_TS`,`UPDATE_USER_ID`,`UPDATE_TS`)
VALUES(
	(SELECT PRD_UID FROM PRODUCT WHERE PRD_SKU='370-ACLY'),
    (SELECT PRS_UID FROM PRD_REL_SERVICE WHERE PRS_NAME='4 Year Basic Hardware Service with 4 Year NBD on-site'),
	'system',CURRENT_TIMESTAMP,'system',CURRENT_TIMESTAMP);
	
INSERT INTO `calordersdb`.`RELATED_SERVICE`(`PRD_UID_FK`, `PRS_UID_FK`,
	`CREATE_USER_ID`,`CREATE_TS`,`UPDATE_USER_ID`,`UPDATE_TS`)
VALUES(
	(SELECT PRD_UID FROM PRODUCT WHERE PRD_SKU='370-ACLY'),
    (SELECT PRS_UID FROM PRD_REL_SERVICE WHERE PRS_NAME='5 Year Basic Hardware Service with NBD on-site'),
	'system',CURRENT_TIMESTAMP,'system',CURRENT_TIMESTAMP);
    
