-- CALORDERS DATABASE TEST DATA INSERTS
   
-- DEPARTMENT

INSERT INTO calordersdb.DEPARTMENT (DEP_NAME, DEP_ACT_REP, CREATE_USER_ID, CREATE_TS, UPDATE_USER_ID, UPDATE_TS) 
	VALUES ('OnCore', 'Lee Bennett', 'system', CURRENT_TIMESTAMP, 'system', CURRENT_TIMESTAMP);
	

-- USER

INSERT INTO calordersdb.PARTY (PTY_USER_ID, PTY_PASSWORD, PTY_FIRST_NM, PTY_MID_NM, PTY_LAST_NM, PTY_TITLE, PTY_HIRE_DT, PTY_ID, CREATE_USER_ID, CREATE_TS, UPDATE_USER_ID, UPDATE_TS) 
	VALUES ('rickybobby', 'Passw0rd*', 'Ricky', 'Joe', 'Bobby', 'USER', CURRENT_TIMESTAMP, '111223333', 'system', CURRENT_TIMESTAMP, 'system', CURRENT_TIMESTAMP);

INSERT INTO calordersdb.PARTY (PTY_USER_ID, PTY_PASSWORD, PTY_FIRST_NM, PTY_MID_NM, PTY_LAST_NM, PTY_TITLE, PTY_HIRE_DT, PTY_ID, CREATE_USER_ID, CREATE_TS, UPDATE_USER_ID, UPDATE_TS) 
	VALUES ('joeadmin', 'Passw0rd*', 'Joe', 'Joe', 'Admin', 'Administrator', CURRENT_TIMESTAMP, '111224444', 'system', CURRENT_TIMESTAMP, 'system', CURRENT_TIMESTAMP);



-- GROUPS

INSERT INTO calordersdb.GROUP (DEP_UID_FK, GRP_TYPE_CD, CREATE_USER_ID, CREATE_TS, UPDATE_USER_ID, UPDATE_TS) 
	VALUES ((SELECT DEP_UID FROM calordersdb.DEPARTMENT WHERE DEP_NAME = 'OnCore'), 'EMP', 'system', CURRENT_TIMESTAMP, 'system', CURRENT_TIMESTAMP);
	
INSERT INTO calordersdb.GROUP (DEP_UID_FK, GRP_TYPE_CD, CREATE_USER_ID, CREATE_TS, UPDATE_USER_ID, UPDATE_TS) 
	VALUES ((SELECT DEP_UID FROM calordersdb.DEPARTMENT WHERE DEP_NAME = 'OnCore'), 'AAD', 'system', CURRENT_TIMESTAMP, 'system', CURRENT_TIMESTAMP);
	
	
-- CONTACT

INSERT INTO calordersdb.CONTACT (PTY_UID_FK, EMC_TYPE_CD, EMC_VALUE, CREATE_USER_ID, CREATE_TS, UPDATE_USER_ID, UPDATE_TS) 
	VALUES ((SELECT PTY_UID FROM calordersdb.PARTY WHERE PTY_FIRST_NM = 'Ricky'), 'MPH', '8879998888', 'system', CURRENT_TIMESTAMP, 'system', CURRENT_TIMESTAMP);

INSERT INTO calordersdb.CONTACT (PTY_UID_FK, EMC_TYPE_CD, EMC_VALUE, CREATE_USER_ID, CREATE_TS, UPDATE_USER_ID, UPDATE_TS) 
	VALUES ((SELECT PTY_UID FROM calordersdb.PARTY WHERE PTY_FIRST_NM = 'Ricky'), 'WEM', 'testingrbobby@testing.com', 'system', CURRENT_TIMESTAMP, 'system', CURRENT_TIMESTAMP);
	
INSERT INTO calordersdb.CONTACT (PTY_UID_FK, EMC_TYPE_CD, EMC_VALUE, CREATE_USER_ID, CREATE_TS, UPDATE_USER_ID, UPDATE_TS) 
	VALUES ((SELECT PTY_UID FROM calordersdb.PARTY WHERE PTY_FIRST_NM = 'Joe'), 'MPH', '7648738483', 'system', CURRENT_TIMESTAMP, 'system', CURRENT_TIMESTAMP);

INSERT INTO calordersdb.CONTACT (PTY_UID_FK, EMC_TYPE_CD, EMC_VALUE, CREATE_USER_ID, CREATE_TS, UPDATE_USER_ID, UPDATE_TS) 
	VALUES ((SELECT PTY_UID FROM calordersdb.PARTY WHERE PTY_FIRST_NM = 'Joe'), 'WEM', 'testingjoeadmin@testing.com', 'system', CURRENT_TIMESTAMP, 'system', CURRENT_TIMESTAMP);
	
	
-- 	GROUP_USER_ASSOC

INSERT INTO calordersdb.GROUP_PARTY_ASSOC (GRP_UID_FK, PTY_UID_FK, CREATE_USER_ID, CREATE_TS, UPDATE_USER_ID, UPDATE_TS) 
	VALUES ((SELECT GRP_UID FROM calordersdb.GROUP WHERE GRP_TYPE_CD = 'EMP'), (SELECT PTY_UID FROM calordersdb.PARTY WHERE PTY_FIRST_NM = 'Ricky'), 'system', CURRENT_TIMESTAMP, 'system', CURRENT_TIMESTAMP);
	
	
INSERT INTO calordersdb.GROUP_PARTY_ASSOC (GRP_UID_FK, PTY_UID_FK, CREATE_USER_ID, CREATE_TS, UPDATE_USER_ID, UPDATE_TS) 
	VALUES ((SELECT GRP_UID FROM calordersdb.GROUP WHERE GRP_TYPE_CD = 'AAD'), (SELECT PTY_UID FROM calordersdb.PARTY WHERE PTY_FIRST_NM = 'Joe'), 'system', CURRENT_TIMESTAMP, 'system', CURRENT_TIMESTAMP);
	
  
-- ADDRESS

INSERT INTO calordersdb.ADDRESS (PTY_UID_FK, DEP_UID_FK, ADR_LINE1, ADR_LINE2, ADR_CITY, ADR_STATE_CD, ADR_COUNTRY_CD, ADR_ZIP5, ADR_ZIP4, ADR_FOREIGN_ZIP, ADR_RTN_IND, ADR_LOCATION_IND, CREATE_USER_ID, CREATE_TS, UPDATE_USER_ID, UPDATE_TS) 
	VALUES (NULL, (SELECT DEP_UID FROM calordersdb.DEPARTMENT WHERE DEP_NAME = 'OnCore'), '101 Test Way', NULL, 'Folsom', 'CA', 'USA', '95630', NULL, NULL, DEFAULT, DEFAULT, 'system', CURRENT_TIMESTAMP, 'system', CURRENT_TIMESTAMP);

INSERT INTO calordersdb.ADDRESS (PTY_UID_FK, DEP_UID_FK, ADR_LINE1, ADR_LINE2, ADR_CITY, ADR_STATE_CD, ADR_COUNTRY_CD, ADR_ZIP5, ADR_ZIP4, ADR_FOREIGN_ZIP, ADR_RTN_IND, ADR_LOCATION_IND, CREATE_USER_ID, CREATE_TS, UPDATE_USER_ID, UPDATE_TS) 
	VALUES ((SELECT PTY_UID FROM calordersdb.PARTY WHERE PTY_FIRST_NM = 'Ricky'), NULL, '11 St', NULL, 'Folsom', 'CA', 'USA', '95630', NULL, NULL, DEFAULT, DEFAULT, 'system', CURRENT_TIMESTAMP, 'system', CURRENT_TIMESTAMP);
	
	
INSERT INTO calordersdb.ADDRESS (PTY_UID_FK, DEP_UID_FK, ADR_LINE1, ADR_LINE2, ADR_CITY, ADR_STATE_CD, ADR_COUNTRY_CD, ADR_ZIP5, ADR_ZIP4, ADR_FOREIGN_ZIP, ADR_RTN_IND, ADR_LOCATION_IND, CREATE_USER_ID, CREATE_TS, UPDATE_USER_ID, UPDATE_TS) 
	VALUES ((SELECT PTY_UID FROM calordersdb.PARTY WHERE PTY_FIRST_NM = 'Joe'), NULL, '100 Bidwell', NULL, 'Folsom', 'CA', 'USA', '95630', NULL, NULL, DEFAULT, DEFAULT, 'system', CURRENT_TIMESTAMP, 'system', CURRENT_TIMESTAMP);





INSERT INTO `calordersdb`.`PRIVILEGE`
( 
`GRP_UID_FK`,
`PRV_PAGE_ID`,
`PRV_COMPONENT_ID`,
`PRV_READ_IND`,
`PRV_WRITE_IND`,
`CREATE_USER_ID`,
`CREATE_TS`,
`UPDATE_USER_ID`,
`UPDATE_TS`)
VALUES
( 
(SELECT GRP_UID FROM calordersdb.GROUP WHERE GRP_TYPE_CD = 'EMP'),
'products',
'NAVBAR',
1,
1,
'system',
CURRENT_TIMESTAMP,
'system',
CURRENT_TIMESTAMP);

INSERT INTO `calordersdb`.`PRIVILEGE`
( 
`GRP_UID_FK`,
`PRV_PAGE_ID`,
`PRV_COMPONENT_ID`,
`PRV_READ_IND`,
`PRV_WRITE_IND`,
`CREATE_USER_ID`,
`CREATE_TS`,
`UPDATE_USER_ID`,
`UPDATE_TS`)
VALUES
( 
(SELECT GRP_UID FROM calordersdb.GROUP WHERE GRP_TYPE_CD = 'EMP'),
'orders',
'NAVBAR',
1,
1,
'system',
CURRENT_TIMESTAMP,
'system',
CURRENT_TIMESTAMP);


INSERT INTO `calordersdb`.`PRIVILEGE`
( 
`GRP_UID_FK`,
`PRV_PAGE_ID`,
`PRV_COMPONENT_ID`,
`PRV_READ_IND`,
`PRV_WRITE_IND`,
`CREATE_USER_ID`,
`CREATE_TS`,
`UPDATE_USER_ID`,
`UPDATE_TS`)
VALUES
( 
(SELECT GRP_UID FROM calordersdb.GROUP WHERE GRP_TYPE_CD = 'EMP'),
'cart',
'NAVBAR',
1,
1,
'system',
CURRENT_TIMESTAMP,
'system',
CURRENT_TIMESTAMP);















INSERT INTO `calordersdb`.`PRIVILEGE`
( 
`GRP_UID_FK`,
`PRV_PAGE_ID`,
`PRV_COMPONENT_ID`,
`PRV_READ_IND`,
`PRV_WRITE_IND`,
`CREATE_USER_ID`,
`CREATE_TS`,
`UPDATE_USER_ID`,
`UPDATE_TS`)
VALUES
( 
(SELECT GRP_UID FROM calordersdb.GROUP WHERE GRP_TYPE_CD = 'AAD'),
'products',
'NAVBAR',
1,
1,
'system',
CURRENT_TIMESTAMP,
'system',
CURRENT_TIMESTAMP);

INSERT INTO `calordersdb`.`PRIVILEGE`
( 
`GRP_UID_FK`,
`PRV_PAGE_ID`,
`PRV_COMPONENT_ID`,
`PRV_READ_IND`,
`PRV_WRITE_IND`,
`CREATE_USER_ID`,
`CREATE_TS`,
`UPDATE_USER_ID`,
`UPDATE_TS`)
VALUES
( 
(SELECT GRP_UID FROM calordersdb.GROUP WHERE GRP_TYPE_CD = 'AAD'),
'orders',
'NAVBAR',
1,
1,
'system',
CURRENT_TIMESTAMP,
'system',
CURRENT_TIMESTAMP);


INSERT INTO `calordersdb`.`PRIVILEGE`
( 
`GRP_UID_FK`,
`PRV_PAGE_ID`,
`PRV_COMPONENT_ID`,
`PRV_READ_IND`,
`PRV_WRITE_IND`,
`CREATE_USER_ID`,
`CREATE_TS`,
`UPDATE_USER_ID`,
`UPDATE_TS`)
VALUES
( 
(SELECT GRP_UID FROM calordersdb.GROUP WHERE GRP_TYPE_CD = 'AAD'),
'services',
'NAVMENU',
1,
1,
'system',
CURRENT_TIMESTAMP,
'system',
CURRENT_TIMESTAMP);



INSERT INTO `calordersdb`.`PRIVILEGE`
( 
`GRP_UID_FK`,
`PRV_PAGE_ID`,
`PRV_COMPONENT_ID`,
`PRV_READ_IND`,
`PRV_WRITE_IND`,
`CREATE_USER_ID`,
`CREATE_TS`,
`UPDATE_USER_ID`,
`UPDATE_TS`)
VALUES
( 
(SELECT GRP_UID FROM calordersdb.GROUP WHERE GRP_TYPE_CD = 'AAD'),
'dashboard',
'NAVBAR',
1,
1,
'system',
CURRENT_TIMESTAMP,
'system',
CURRENT_TIMESTAMP);





-- GROUP_PRIVILEGE_ASSOC
-- EMP GROUP 
INSERT INTO `calordersdb`.`GROUP_PRIVILEGE_ASSOC`(`GRP_UID_FK`,`PRV_UID_FK`,`CREATE_USER_ID`,`CREATE_TS`,`UPDATE_USER_ID`,`UPDATE_TS`)
	VALUES ((SELECT GRP_UID FROM calordersdb.GROUP WHERE GRP_TYPE_CD = 'EMP'),(SELECT PRV_UID FROM calordersdb.PRIVILEGE where PRV_PAGE_ID = 'products' AND PRV_COMPONENT_ID = 'NAVBAR' AND GRP_UID_FK IN (SELECT GRP_UID FROM calordersdb.GROUP WHERE GRP_TYPE_CD = 'EMP')), 'system', CURRENT_TIMESTAMP, 'system', CURRENT_TIMESTAMP);
INSERT INTO `calordersdb`.`GROUP_PRIVILEGE_ASSOC`(`GRP_UID_FK`,`PRV_UID_FK`,`CREATE_USER_ID`,`CREATE_TS`,`UPDATE_USER_ID`,`UPDATE_TS`)
	VALUES ((SELECT GRP_UID FROM calordersdb.GROUP WHERE GRP_TYPE_CD = 'EMP'),(SELECT PRV_UID FROM calordersdb.PRIVILEGE where PRV_PAGE_ID = 'orders' AND PRV_COMPONENT_ID = 'NAVBAR' AND GRP_UID_FK IN (SELECT GRP_UID FROM calordersdb.GROUP WHERE GRP_TYPE_CD = 'EMP')), 'system', CURRENT_TIMESTAMP, 'system', CURRENT_TIMESTAMP);
INSERT INTO `calordersdb`.`GROUP_PRIVILEGE_ASSOC`(`GRP_UID_FK`,`PRV_UID_FK`,`CREATE_USER_ID`,`CREATE_TS`,`UPDATE_USER_ID`,`UPDATE_TS`)
	VALUES ((SELECT GRP_UID FROM calordersdb.GROUP WHERE GRP_TYPE_CD = 'EMP'),(SELECT PRV_UID FROM calordersdb.PRIVILEGE where PRV_PAGE_ID = 'cart' AND PRV_COMPONENT_ID = 'NAVBAR' AND GRP_UID_FK IN (SELECT GRP_UID FROM calordersdb.GROUP WHERE GRP_TYPE_CD = 'EMP')), 'system', CURRENT_TIMESTAMP, 'system', CURRENT_TIMESTAMP);
 
-- AAD GROUP
INSERT INTO `calordersdb`.`GROUP_PRIVILEGE_ASSOC`(`GRP_UID_FK`,`PRV_UID_FK`,`CREATE_USER_ID`,`CREATE_TS`,`UPDATE_USER_ID`,`UPDATE_TS`)
	VALUES ((SELECT GRP_UID FROM calordersdb.GROUP WHERE GRP_TYPE_CD = 'AAD'),(SELECT PRV_UID FROM calordersdb.PRIVILEGE where PRV_PAGE_ID = 'dashboard' AND PRV_COMPONENT_ID = 'NAVBAR' AND GRP_UID_FK IN (SELECT GRP_UID FROM calordersdb.GROUP WHERE GRP_TYPE_CD = 'AAD')), 'system', CURRENT_TIMESTAMP, 'system', CURRENT_TIMESTAMP);
INSERT INTO `calordersdb`.`GROUP_PRIVILEGE_ASSOC`(`GRP_UID_FK`,`PRV_UID_FK`,`CREATE_USER_ID`,`CREATE_TS`,`UPDATE_USER_ID`,`UPDATE_TS`)
	VALUES ((SELECT GRP_UID FROM calordersdb.GROUP WHERE GRP_TYPE_CD = 'AAD'),(SELECT PRV_UID FROM calordersdb.PRIVILEGE where PRV_PAGE_ID = 'products' AND PRV_COMPONENT_ID = 'NAVBAR' AND GRP_UID_FK IN (SELECT GRP_UID FROM calordersdb.GROUP WHERE GRP_TYPE_CD = 'AAD')), 'system', CURRENT_TIMESTAMP, 'system', CURRENT_TIMESTAMP);
INSERT INTO `calordersdb`.`GROUP_PRIVILEGE_ASSOC`(`GRP_UID_FK`,`PRV_UID_FK`,`CREATE_USER_ID`,`CREATE_TS`,`UPDATE_USER_ID`,`UPDATE_TS`)
	VALUES ((SELECT GRP_UID FROM calordersdb.GROUP WHERE GRP_TYPE_CD = 'AAD'),(SELECT PRV_UID FROM calordersdb.PRIVILEGE where PRV_PAGE_ID = 'orders' AND PRV_COMPONENT_ID = 'NAVBAR' AND GRP_UID_FK IN (SELECT GRP_UID FROM calordersdb.GROUP WHERE GRP_TYPE_CD = 'AAD')), 'system', CURRENT_TIMESTAMP, 'system', CURRENT_TIMESTAMP);
INSERT INTO `calordersdb`.`GROUP_PRIVILEGE_ASSOC`(`GRP_UID_FK`,`PRV_UID_FK`,`CREATE_USER_ID`,`CREATE_TS`,`UPDATE_USER_ID`,`UPDATE_TS`)
	VALUES ((SELECT GRP_UID FROM calordersdb.GROUP WHERE GRP_TYPE_CD = 'AAD'),(SELECT PRV_UID FROM calordersdb.PRIVILEGE where PRV_PAGE_ID = 'services' AND PRV_COMPONENT_ID = 'NAVMENU' AND GRP_UID_FK IN (SELECT GRP_UID FROM calordersdb.GROUP WHERE GRP_TYPE_CD = 'AAD')), 'system', CURRENT_TIMESTAMP, 'system', CURRENT_TIMESTAMP);
  


	
	
    	
