-- CALORDERS DATABASE TEST DATA INSERTS
   
-- DEPARTMENT

INSERT INTO calordersdb.DEPARTMENT (DEP_NAME, DEP_ACT_REP, CREATE_USER_ID, CREATE_TS, UPDATE_USER_ID, UPDATE_TS) 
	VALUES ('OnCore', 'Lee Bennett', 'system', CURRENT_TIMESTAMP, 'system', CURRENT_TIMESTAMP);
	

-- USER

INSERT INTO calordersdb.PARTY (PTY_USER_ID, PTY_PASSWORD, PTY_FIRST_NM, PTY_MID_NM, PTY_LAST_NM, PTY_TITLE, PTY_HIRE_DT, PTY_ID, CREATE_USER_ID, CREATE_TS, UPDATE_USER_ID, UPDATE_TS) 
	VALUES ('rickybobby', 'Passw0rd*', 'Ricky', 'Joe', 'Bobby', 'USER', CURRENT_TIMESTAMP, '111223333', 'system', CURRENT_TIMESTAMP, 'system', CURRENT_TIMESTAMP);

INSERT INTO calordersdb.PARTY (PTY_USER_ID, PTY_PASSWORD, PTY_FIRST_NM, PTY_MID_NM, PTY_LAST_NM, PTY_TITLE, PTY_HIRE_DT, PTY_ID, CREATE_USER_ID, CREATE_TS, UPDATE_USER_ID, UPDATE_TS) 
	VALUES ('joeadmin', 'Passw0rd*', 'Joe', 'Joe', 'Admin', 'Administrator', CURRENT_TIMESTAMP, '111224444', 'system', CURRENT_TIMESTAMP, 'system', CURRENT_TIMESTAMP);



-- GROUPS

INSERT INTO calordersdb.GROUPS (DEP_UID_FK, GRP_TYPE_CD, CREATE_USER_ID, CREATE_TS, UPDATE_USER_ID, UPDATE_TS) 
	VALUES ((SELECT DEP_UID FROM calordersdb.DEPARTMENT WHERE DEP_NAME = 'OnCore'), 'EMP', 'system', CURRENT_TIMESTAMP, 'system', CURRENT_TIMESTAMP);
	
INSERT INTO calordersdb.GROUPS (DEP_UID_FK, GRP_TYPE_CD, CREATE_USER_ID, CREATE_TS, UPDATE_USER_ID, UPDATE_TS) 
	VALUES ((SELECT DEP_UID FROM calordersdb.DEPARTMENT WHERE DEP_NAME = 'OnCore'), 'AAD', 'system', CURRENT_TIMESTAMP, 'system', CURRENT_TIMESTAMP);
	
	
-- CONTACT

INSERT INTO calordersdb.CONTACT_INFO (PTY_UID_FK, EMC_TYPE_CD, EMC_VALUE, CREATE_USER_ID, CREATE_TS, UPDATE_USER_ID, UPDATE_TS) 
	VALUES ((SELECT PTY_UID FROM calordersdb.PARTY WHERE PTY_FIRST_NM = 'Ricky'), 'MPH', '8879998888', 'system', CURRENT_TIMESTAMP, 'system', CURRENT_TIMESTAMP);

INSERT INTO calordersdb.CONTACT_INFO (PTY_UID_FK, EMC_TYPE_CD, EMC_VALUE, CREATE_USER_ID, CREATE_TS, UPDATE_USER_ID, UPDATE_TS) 
	VALUES ((SELECT PTY_UID FROM calordersdb.PARTY WHERE PTY_FIRST_NM = 'Ricky'), 'WEM', 'testingrbobby@testing.com', 'system', CURRENT_TIMESTAMP, 'system', CURRENT_TIMESTAMP);
	
INSERT INTO calordersdb.CONTACT_INFO (PTY_UID_FK, EMC_TYPE_CD, EMC_VALUE, CREATE_USER_ID, CREATE_TS, UPDATE_USER_ID, UPDATE_TS) 
	VALUES ((SELECT PTY_UID FROM calordersdb.PARTY WHERE PTY_FIRST_NM = 'Joe'), 'MPH', '7648738483', 'system', CURRENT_TIMESTAMP, 'system', CURRENT_TIMESTAMP);

INSERT INTO calordersdb.CONTACT_INFO (PTY_UID_FK, EMC_TYPE_CD, EMC_VALUE, CREATE_USER_ID, CREATE_TS, UPDATE_USER_ID, UPDATE_TS) 
	VALUES ((SELECT PTY_UID FROM calordersdb.PARTY WHERE PTY_FIRST_NM = 'Joe'), 'WEM', 'testingjoeadmin@testing.com', 'system', CURRENT_TIMESTAMP, 'system', CURRENT_TIMESTAMP);
	
	
-- 	GROUP_USER_ASSOC

INSERT INTO calordersdb.GROUP_PARTY_ASSOC (GRP_UID_FK, PTY_UID_FK, CREATE_USER_ID, CREATE_TS, UPDATE_USER_ID, UPDATE_TS) 
	VALUES ((SELECT GRP_UID FROM calordersdb.GROUPS WHERE GRP_TYPE_CD = 'EMP'), (SELECT PTY_UID FROM calordersdb.PARTY WHERE PTY_FIRST_NM = 'Ricky'), 'system', CURRENT_TIMESTAMP, 'system', CURRENT_TIMESTAMP);
	
	
INSERT INTO calordersdb.GROUP_PARTY_ASSOC (GRP_UID_FK, PTY_UID_FK, CREATE_USER_ID, CREATE_TS, UPDATE_USER_ID, UPDATE_TS) 
	VALUES ((SELECT GRP_UID FROM calordersdb.GROUPS WHERE GRP_TYPE_CD = 'AAD'), (SELECT PTY_UID FROM calordersdb.PARTY WHERE PTY_FIRST_NM = 'Joe'), 'system', CURRENT_TIMESTAMP, 'system', CURRENT_TIMESTAMP);
	
  
-- ADDRESS

INSERT INTO calordersdb.ADDRESS (PTY_UID_FK, DEP_UID_FK, ADR_LINE1, ADR_LINE2, ADR_CITY, ADR_STATE_CD, ADR_COUNTRY_CD, ADR_ZIP5, ADR_ZIP4, ADR_FOREIGN_ZIP, ADR_RTN_IND, ADR_LOCATION_IND, CREATE_USER_ID, CREATE_TS, UPDATE_USER_ID, UPDATE_TS) 
	VALUES (NULL, (SELECT DEP_UID FROM calordersdb.DEPARTMENT WHERE DEP_NAME = 'OnCore'), '101 Test Way', NULL, 'Folsom', 'CA', 'USA', '95630', NULL, NULL, DEFAULT, DEFAULT, 'system', CURRENT_TIMESTAMP, 'system', CURRENT_TIMESTAMP);

INSERT INTO calordersdb.ADDRESS (PTY_UID_FK, DEP_UID_FK, ADR_LINE1, ADR_LINE2, ADR_CITY, ADR_STATE_CD, ADR_COUNTRY_CD, ADR_ZIP5, ADR_ZIP4, ADR_FOREIGN_ZIP, ADR_RTN_IND, ADR_LOCATION_IND, CREATE_USER_ID, CREATE_TS, UPDATE_USER_ID, UPDATE_TS) 
	VALUES ((SELECT PTY_UID FROM calordersdb.PARTY WHERE PTY_FIRST_NM = 'Ricky'), NULL, '11 St', NULL, 'Folsom', 'CA', 'USA', '95630', NULL, NULL, DEFAULT, DEFAULT, 'system', CURRENT_TIMESTAMP, 'system', CURRENT_TIMESTAMP);
	
	
INSERT INTO calordersdb.ADDRESS (PTY_UID_FK, DEP_UID_FK, ADR_LINE1, ADR_LINE2, ADR_CITY, ADR_STATE_CD, ADR_COUNTRY_CD, ADR_ZIP5, ADR_ZIP4, ADR_FOREIGN_ZIP, ADR_RTN_IND, ADR_LOCATION_IND, CREATE_USER_ID, CREATE_TS, UPDATE_USER_ID, UPDATE_TS) 
	VALUES ((SELECT PTY_UID FROM calordersdb.PARTY WHERE PTY_FIRST_NM = 'Joe'), NULL, '100 Bidwell', NULL, 'Folsom', 'CA', 'USA', '95630', NULL, NULL, DEFAULT, DEFAULT, 'system', CURRENT_TIMESTAMP, 'system', CURRENT_TIMESTAMP);





INSERT INTO `calordersdb`.`PRIVILEGE`
( 
`GRP_UID_FK`,
`PRV_PAGE_ID`,
`PRV_COMPONENT_ID`,
`PRV_READ_IND`,
`PRV_WRITE_IND`,
`CREATE_USER_ID`,
`CREATE_TS`,
`UPDATE_USER_ID`,
`UPDATE_TS`)
VALUES
( 
(SELECT GRP_UID FROM calordersdb.GROUPS WHERE GRP_TYPE_CD = 'EMP'),
'products',
'NAVBAR',
1,
1,
'system',
CURRENT_TIMESTAMP,
'system',
CURRENT_TIMESTAMP);

INSERT INTO `calordersdb`.`PRIVILEGE`
( 
`GRP_UID_FK`,
`PRV_PAGE_ID`,
`PRV_COMPONENT_ID`,
`PRV_READ_IND`,
`PRV_WRITE_IND`,
`CREATE_USER_ID`,
`CREATE_TS`,
`UPDATE_USER_ID`,
`UPDATE_TS`)
VALUES
( 
(SELECT GRP_UID FROM calordersdb.GROUPS WHERE GRP_TYPE_CD = 'EMP'),
'orders',
'NAVBAR',
1,
1,
'system',
CURRENT_TIMESTAMP,
'system',
CURRENT_TIMESTAMP);


INSERT INTO `calordersdb`.`PRIVILEGE`
( 
`GRP_UID_FK`,
`PRV_PAGE_ID`,
`PRV_COMPONENT_ID`,
`PRV_READ_IND`,
`PRV_WRITE_IND`,
`CREATE_USER_ID`,
`CREATE_TS`,
`UPDATE_USER_ID`,
`UPDATE_TS`)
VALUES
( 
(SELECT GRP_UID FROM calordersdb.GROUPS WHERE GRP_TYPE_CD = 'EMP'),
'cart',
'NAVBAR',
1,
1,
'system',
CURRENT_TIMESTAMP,
'system',
CURRENT_TIMESTAMP);















INSERT INTO `calordersdb`.`PRIVILEGE`
( 
`GRP_UID_FK`,
`PRV_PAGE_ID`,
`PRV_COMPONENT_ID`,
`PRV_READ_IND`,
`PRV_WRITE_IND`,
`CREATE_USER_ID`,
`CREATE_TS`,
`UPDATE_USER_ID`,
`UPDATE_TS`)
VALUES
( 
(SELECT GRP_UID FROM calordersdb.GROUPS WHERE GRP_TYPE_CD = 'AAD'),
'products',
'NAVBAR',
1,
1,
'system',
CURRENT_TIMESTAMP,
'system',
CURRENT_TIMESTAMP);

INSERT INTO `calordersdb`.`PRIVILEGE`
( 
`GRP_UID_FK`,
`PRV_PAGE_ID`,
`PRV_COMPONENT_ID`,
`PRV_READ_IND`,
`PRV_WRITE_IND`,
`CREATE_USER_ID`,
`CREATE_TS`,
`UPDATE_USER_ID`,
`UPDATE_TS`)
VALUES
( 
(SELECT GRP_UID FROM calordersdb.GROUPS WHERE GRP_TYPE_CD = 'AAD'),
'orders',
'NAVBAR',
1,
1,
'system',
CURRENT_TIMESTAMP,
'system',
CURRENT_TIMESTAMP);


INSERT INTO `calordersdb`.`PRIVILEGE`
( 
`GRP_UID_FK`,
`PRV_PAGE_ID`,
`PRV_COMPONENT_ID`,
`PRV_READ_IND`,
`PRV_WRITE_IND`,
`CREATE_USER_ID`,
`CREATE_TS`,
`UPDATE_USER_ID`,
`UPDATE_TS`)
VALUES
( 
(SELECT GRP_UID FROM calordersdb.GROUPS WHERE GRP_TYPE_CD = 'AAD'),
'services',
'NAVMENU',
1,
1,
'system',
CURRENT_TIMESTAMP,
'system',
CURRENT_TIMESTAMP);



INSERT INTO `calordersdb`.`PRIVILEGE`
( 
`GRP_UID_FK`,
`PRV_PAGE_ID`,
`PRV_COMPONENT_ID`,
`PRV_READ_IND`,
`PRV_WRITE_IND`,
`CREATE_USER_ID`,
`CREATE_TS`,
`UPDATE_USER_ID`,
`UPDATE_TS`)
VALUES
( 
(SELECT GRP_UID FROM calordersdb.GROUPS WHERE GRP_TYPE_CD = 'AAD'),
'dashboard',
'NAVBAR',
1,
1,
'system',
CURRENT_TIMESTAMP,
'system',
CURRENT_TIMESTAMP);





-- GROUP_PRIVILEGE_ASSOC
-- EMP GROUP 
INSERT INTO `calordersdb`.`GROUP_PRIVILEGE_ASSOC`(`GRP_UID_FK`,`PRV_UID_FK`,`CREATE_USER_ID`,`CREATE_TS`,`UPDATE_USER_ID`,`UPDATE_TS`)
	VALUES ((SELECT GRP_UID FROM calordersdb.GROUPS WHERE GRP_TYPE_CD = 'EMP'),(SELECT PRV_UID FROM calordersdb.PRIVILEGE where PRV_PAGE_ID = 'products' AND PRV_COMPONENT_ID = 'NAVBAR' AND GRP_UID_FK IN (SELECT GRP_UID FROM calordersdb.GROUPS WHERE GRP_TYPE_CD = 'EMP')), 'system', CURRENT_TIMESTAMP, 'system', CURRENT_TIMESTAMP);
INSERT INTO `calordersdb`.`GROUP_PRIVILEGE_ASSOC`(`GRP_UID_FK`,`PRV_UID_FK`,`CREATE_USER_ID`,`CREATE_TS`,`UPDATE_USER_ID`,`UPDATE_TS`)
	VALUES ((SELECT GRP_UID FROM calordersdb.GROUPS WHERE GRP_TYPE_CD = 'EMP'),(SELECT PRV_UID FROM calordersdb.PRIVILEGE where PRV_PAGE_ID = 'orders' AND PRV_COMPONENT_ID = 'NAVBAR' AND GRP_UID_FK IN (SELECT GRP_UID FROM calordersdb.GROUPS WHERE GRP_TYPE_CD = 'EMP')), 'system', CURRENT_TIMESTAMP, 'system', CURRENT_TIMESTAMP);
INSERT INTO `calordersdb`.`GROUP_PRIVILEGE_ASSOC`(`GRP_UID_FK`,`PRV_UID_FK`,`CREATE_USER_ID`,`CREATE_TS`,`UPDATE_USER_ID`,`UPDATE_TS`)
	VALUES ((SELECT GRP_UID FROM calordersdb.GROUPS WHERE GRP_TYPE_CD = 'EMP'),(SELECT PRV_UID FROM calordersdb.PRIVILEGE where PRV_PAGE_ID = 'cart' AND PRV_COMPONENT_ID = 'NAVBAR' AND GRP_UID_FK IN (SELECT GRP_UID FROM calordersdb.GROUPS WHERE GRP_TYPE_CD = 'EMP')), 'system', CURRENT_TIMESTAMP, 'system', CURRENT_TIMESTAMP);
 
-- AAD GROUP
INSERT INTO `calordersdb`.`GROUP_PRIVILEGE_ASSOC`(`GRP_UID_FK`,`PRV_UID_FK`,`CREATE_USER_ID`,`CREATE_TS`,`UPDATE_USER_ID`,`UPDATE_TS`)
	VALUES ((SELECT GRP_UID FROM calordersdb.GROUPS WHERE GRP_TYPE_CD = 'AAD'),(SELECT PRV_UID FROM calordersdb.PRIVILEGE where PRV_PAGE_ID = 'dashboard' AND PRV_COMPONENT_ID = 'NAVBAR' AND GRP_UID_FK IN (SELECT GRP_UID FROM calordersdb.GROUPS WHERE GRP_TYPE_CD = 'AAD')), 'system', CURRENT_TIMESTAMP, 'system', CURRENT_TIMESTAMP);
INSERT INTO `calordersdb`.`GROUP_PRIVILEGE_ASSOC`(`GRP_UID_FK`,`PRV_UID_FK`,`CREATE_USER_ID`,`CREATE_TS`,`UPDATE_USER_ID`,`UPDATE_TS`)
	VALUES ((SELECT GRP_UID FROM calordersdb.GROUPS WHERE GRP_TYPE_CD = 'AAD'),(SELECT PRV_UID FROM calordersdb.PRIVILEGE where PRV_PAGE_ID = 'products' AND PRV_COMPONENT_ID = 'NAVBAR' AND GRP_UID_FK IN (SELECT GRP_UID FROM calordersdb.GROUPS WHERE GRP_TYPE_CD = 'AAD')), 'system', CURRENT_TIMESTAMP, 'system', CURRENT_TIMESTAMP);
INSERT INTO `calordersdb`.`GROUP_PRIVILEGE_ASSOC`(`GRP_UID_FK`,`PRV_UID_FK`,`CREATE_USER_ID`,`CREATE_TS`,`UPDATE_USER_ID`,`UPDATE_TS`)
	VALUES ((SELECT GRP_UID FROM calordersdb.GROUPS WHERE GRP_TYPE_CD = 'AAD'),(SELECT PRV_UID FROM calordersdb.PRIVILEGE where PRV_PAGE_ID = 'orders' AND PRV_COMPONENT_ID = 'NAVBAR' AND GRP_UID_FK IN (SELECT GRP_UID FROM calordersdb.GROUPS WHERE GRP_TYPE_CD = 'AAD')), 'system', CURRENT_TIMESTAMP, 'system', CURRENT_TIMESTAMP);
INSERT INTO `calordersdb`.`GROUP_PRIVILEGE_ASSOC`(`GRP_UID_FK`,`PRV_UID_FK`,`CREATE_USER_ID`,`CREATE_TS`,`UPDATE_USER_ID`,`UPDATE_TS`)
	VALUES ((SELECT GRP_UID FROM calordersdb.GROUPS WHERE GRP_TYPE_CD = 'AAD'),(SELECT PRV_UID FROM calordersdb.PRIVILEGE where PRV_PAGE_ID = 'services' AND PRV_COMPONENT_ID = 'NAVMENU' AND GRP_UID_FK IN (SELECT GRP_UID FROM calordersdb.GROUPS WHERE GRP_TYPE_CD = 'AAD')), 'system', CURRENT_TIMESTAMP, 'system', CURRENT_TIMESTAMP);
  

-- VENDORS
INSERT INTO `calordersdb`.`VENDOR`(`VND_NAME`, `VND_DESC`, `VND_MANAGER`, `VND_ACTIVE_IND`,`CREATE_USER_ID`,`CREATE_TS`,`UPDATE_USER_ID`,`UPDATE_TS`)
	VALUES ('The Tech Group', 'The Tech Group provides our customers with leading edge hardware and software','Bobby James',1,'system', CURRENT_TIMESTAMP, 'system', CURRENT_TIMESTAMP);
INSERT INTO `calordersdb`.`VENDOR`(`VND_NAME`, `VND_DESC`, `VND_MANAGER`, `VND_ACTIVE_IND`,`CREATE_USER_ID`,`CREATE_TS`,`UPDATE_USER_ID`,`UPDATE_TS`)
	VALUES ('Hardware 4 U', 'Hardware 4 U gives you hardware for less','Joe Jasper',1,'system', CURRENT_TIMESTAMP, 'system', CURRENT_TIMESTAMP);
INSERT INTO `calordersdb`.`VENDOR`(`VND_NAME`, `VND_DESC`, `VND_MANAGER`, `VND_ACTIVE_IND`,`CREATE_USER_ID`,`CREATE_TS`,`UPDATE_USER_ID`,`UPDATE_TS`)
	VALUES ('IT Solutions', 'Our company provides a variety of hardware, software, and related services','Sally Lopez',1,'system', CURRENT_TIMESTAMP, 'system', CURRENT_TIMESTAMP);



-- Products
INSERT INTO `calordersdb`.`PRODUCT`(
  `VND_UID_FK`,
  `PRD_SKU`,`PRD_NAME`,`PRD_CATEGORY_CD`, 
  `PRD_SHORT_DESC`,   
  `PRD_LONG_DESC`,   
  `PRD_PRICE`, `PRD_ACTIVE_IND`,`PRD_CNTR_LN_ITM`,`PRD_OEM_PART_NUM`,   
  `PRD_OEM_NAME`,`PRD_CNTR_UNIT_PRICE`,`PRD_CNTR_DISCOUNT`,`PRD_UNIT_CD`, `PRD_IMG_TYPE_CD`,  
  `CREATE_USER_ID`,`CREATE_TS`,`UPDATE_USER_ID`,`UPDATE_TS`) 
  VALUES (
  (SELECT VND_UID FROM calordersdb.VENDOR where VND_NAME='The Tech Group'),
  '210-AFXK','Standard-Dell Optiplex 3040 SFF','DESK',
  'Standard-Dell Optiplex 3040 SFF Core i5-6500, 3.20GHz, 4GB 1DIMM 1600MHz DDR3L',
  'Standard-Dell Optiplex 3040 SFF Core i5-6500, 3.20GHz, 4GB 1DIMM 1600MHz DDR3L, Windows 7 Pro (32/64 bit), integrated Intel HD Graphics, DVD+/- RW, 500GB SATA 7200rpm, USB Optical Wheel Mouse, USB Keyboard, 3-Year Next Business Day On-Site Warranty',
  1013.71,1,'100d','210-AFXK',
  'DELL',446.03,56,'EACH', 'PNG',
  'system',CURRENT_TIMESTAMP,'system',CURRENT_TIMESTAMP);
INSERT INTO `calordersdb`.`PRODUCT`(`VND_UID_FK`,`PRD_SKU`,`PRD_NAME`,`PRD_CATEGORY_CD`,
   `PRD_SHORT_DESC`,
   `PRD_LONG_DESC`,
   `PRD_PRICE`, `PRD_ACTIVE_IND`,`PRD_CNTR_LN_ITM`,`PRD_OEM_PART_NUM`,
   `PRD_OEM_NAME`,`PRD_CNTR_UNIT_PRICE`,`PRD_CNTR_DISCOUNT`,`PRD_UNIT_CD`, `PRD_IMG_TYPE_CD`,
   `CREATE_USER_ID`,`CREATE_TS`,`UPDATE_USER_ID`,`UPDATE_TS`) 
   VALUES(
   (SELECT VND_UID FROM calordersdb.VENDOR where VND_NAME='The Tech Group'),
   '210-AFXL','Standard-Dell Optiplex 3040 MT','DESK',
   'Standard-Dell Optiplex 3040 MT Core i5-6500, 3.20GHz, 4GB 1DIMM 1600MHz DDR3L',
   'Standard-Dell Optiplex 3040 MT Core i5-6500, 3.20GHz, 4GB 1DIMM 1600MHz DDR3L, Windows 7 Pro (32/64 bit), integrated Intel HD Graphics 530, DVD+/- RW, 500GB SATA 7200rpm, USB Optical Wheel Mouse, USB Keyboard, 3-Year Next Business Day On-Site Warranty',
   1013.71,1,'102d','210-AFXL',
   'DELL',446.03,56,'EACH', 'PNG',
   'system',CURRENT_TIMESTAMP,'system',CURRENT_TIMESTAMP);
INSERT INTO `calordersdb`.`PRODUCT`(`VND_UID_FK`,`PRD_SKU`,`PRD_NAME`,`PRD_CATEGORY_CD`,
   `PRD_SHORT_DESC`,
   `PRD_LONG_DESC`,
   `PRD_PRICE`, `PRD_ACTIVE_IND`,`PRD_CNTR_LN_ITM`,`PRD_OEM_PART_NUM`,
   `PRD_OEM_NAME`,`PRD_CNTR_UNIT_PRICE`,`PRD_CNTR_DISCOUNT`,`PRD_UNIT_CD`, `PRD_IMG_TYPE_CD`,
   `CREATE_USER_ID`,`CREATE_TS`,`UPDATE_USER_ID`,`UPDATE_TS`) 
   VALUES(
   (SELECT VND_UID FROM calordersdb.VENDOR where VND_NAME='The Tech Group'),
   '210-AFXJ','Standard-Dell Optiplex 3040 Micro','DESK',
   'Standard-Dell Optiplex 3040 Micro Core i5-6500T, 2.5GHz, 4GB 1DIMM 1600MHz DDR3L',
   'Standard-Dell Optiplex 3040 Micro Core i5-6500T, 2.5GHz, 4GB 1DIMM 1600MHz DDR3L, Windows 7 Pro (32/64 bit), integrated Intel HD Graphics 530, 500GB SATA 7200rpm, USB Optical Wheel Mouse, USB Keyboard, 3-Year Next Business Day On-Site Warranty',
   930.43,1,'106a','210-AFXJ',
   'DELL',409.39,56,'EACH', 'PNG',
   'system',CURRENT_TIMESTAMP,'system',CURRENT_TIMESTAMP);
INSERT INTO `calordersdb`.`PRODUCT`(`VND_UID_FK`,`PRD_SKU`,`PRD_NAME`,`PRD_CATEGORY_CD`,
   `PRD_SHORT_DESC`,
   `PRD_LONG_DESC`,
   `PRD_PRICE`, `PRD_ACTIVE_IND`,`PRD_CNTR_LN_ITM`,`PRD_OEM_PART_NUM`,
   `PRD_OEM_NAME`,`PRD_CNTR_UNIT_PRICE`,`PRD_CNTR_DISCOUNT`,`PRD_UNIT_CD`, `PRD_IMG_TYPE_CD`,
   `CREATE_USER_ID`,`CREATE_TS`,`UPDATE_USER_ID`,`UPDATE_TS`) 
   VALUES(
   (SELECT VND_UID FROM calordersdb.VENDOR where VND_NAME='The Tech Group'),
   '370-ACLY','Precision 15 3000 Series (3510)','LAPT',
   'Quad Core 2.30GHz, 3.20GHz Turbo, 6MB 35W, w/Intel HD Graphics 530',
   'Quad Core 2.30GHz, 3.20GHz Turbo, 6MB 35W, w/Intel HD Graphics 530, 8GB (2x4GB) 2133MHz DDR4 Non-ECC',
   1030.00,1,'1002c','370-ACLY','DELL',988.40,32,'EACH', 'PNG',
   'system',CURRENT_TIMESTAMP,'system',CURRENT_TIMESTAMP);
INSERT INTO `calordersdb`.`PRODUCT`(`VND_UID_FK`,`PRD_SKU`,`PRD_NAME`,`PRD_CATEGORY_CD`,
   `PRD_SHORT_DESC`,
   `PRD_LONG_DESC`,
   `PRD_PRICE`, `PRD_ACTIVE_IND`,`PRD_CNTR_LN_ITM`,`PRD_OEM_PART_NUM`,
   `PRD_OEM_NAME`,`PRD_CNTR_UNIT_PRICE`,`PRD_CNTR_DISCOUNT`,`PRD_UNIT_CD`, `PRD_IMG_TYPE_CD`,
   `CREATE_USER_ID`,`CREATE_TS`,`UPDATE_USER_ID`,`UPDATE_TS`) 
   VALUES(
   (SELECT VND_UID FROM calordersdb.VENDOR where VND_NAME='The Tech Group'),
   '490-BCYL','Microsoft Word 2000',
   'OFFC','Microsoft Word 2000 Professional Edition',
   'Microsoft Word 2000 Professional Edition',
   110.00,1,'1003c','490-BCYL','DELL',
   74.80,32,'EACH', 'PNG',
   'system',CURRENT_TIMESTAMP,'system',CURRENT_TIMESTAMP);
INSERT INTO `calordersdb`.`PRD_REL_SERVICE`(`PRS_NAME`,`PRS_DESC`, `PRS_PRICE`, `PRS_ACTIVE_IND`,
	`CREATE_USER_ID`,`CREATE_TS`,`UPDATE_USER_ID`,`UPDATE_TS`) 
	VALUES('4 Year Basic Hardware Service with 4 Year NBD on-site',
    '4 Year Basic Hardware Service with 4 Year NBD on-site',
    388.00,1,
    'system',CURRENT_TIMESTAMP,'system',CURRENT_TIMESTAMP);
INSERT INTO `calordersdb`.`PRD_REL_SERVICE`(`PRS_NAME`,`PRS_DESC`, `PRS_PRICE`, `PRS_ACTIVE_IND`,
	`CREATE_USER_ID`,`CREATE_TS`,`UPDATE_USER_ID`,`UPDATE_TS`) 
	VALUES('5 Year Basic Hardware Service with NBD on-site',
    '5 Year Basic Hardware Service with NBD on-site',
    458.00,1,
    'system',CURRENT_TIMESTAMP,'system',CURRENT_TIMESTAMP);


	
	
    	
